locID,mapID,locRegion,locName,mapCheckID,event,itemID,itemName,quantity,progression,nice,party,crew,item,script,skill,landmark,entrance,exit
0001,mp0401,Pirate Ship Eleftheria,Submerged Hold,TBOX01,0,520,Sweet Remedy,1,0,0,0,0,1,--------,0,0,0,0
0002,mp0401,Pirate Ship Eleftheria,Submerged Hold,TBOX02,0,521,Bitter Remedy,1,0,0,0,0,1,--------,0,0,0,0
0003,mp0401,Pirate Ship Eleftheria,Submerged Hold,TBOX03,0,522,Hermit's Elixir,1,0,0,0,0,1,--------,0,0,0,0
0004,mp0401,Pirate Ship Eleftheria,Submerged Hold,TBOX04,0,538,Dragon Tree Treasure,1,0,0,0,0,1,--------,0,0,0,0
0005,mp0402,Pirate Ship Eleftheria,Hold,TBOX01,0,289,Bandit Gauntlets,1,0,0,0,0,1,--------,0,0,0,0
0006,mp0402,Pirate Ship Eleftheria,Hold,TBOX02,0,784,Queen Tomato Seeds,1,0,0,0,0,1,--------,0,0,0,0
0007,mp0402,Pirate Ship Eleftheria,Hold,TBOX03,0,327,Tektite Ore,2,0,0,0,0,1,--------,0,0,0,0
0008,mp0402,Pirate Ship Eleftheria,Hold,TBOX04,0,443,Rigid Fiber,2,0,0,0,0,1,--------,0,0,0,0
0009,mp0403,Pirate Ship Eleftheria,Accessway,TBOX01,0,772,Logbook 3,1,0,0,0,0,1,mp0403:EV_M05S151_ED,0,0,0,0
0010,mp0403,Pirate Ship Eleftheria,Accessway,TBOX02,0,327,Tektite Ore,2,0,0,0,0,1,--------,0,0,0,0
0011,mp0403,Pirate Ship Eleftheria,Accessway,TBOX03,0,308,Ancient Hide,1,0,0,0,0,1,--------,0,0,0,0
0012,mp0403,Pirate Ship Eleftheria,Accessway,TBOX04,0,576,Recipe Book/Pirate's Platter,1,1,0,0,0,1,--------,0,0,0,0
0013,mp0404,Pirate Ship Eleftheria,Crew Quarters,TBOX01,0,771,Logbook 2,1,0,0,0,0,1,mp0404:EV_M05S150_ED,0,0,0,0
0014,mp0404,Pirate Ship Eleftheria,Crew Quarters,TBOX02,0,303,Ancient Bone,1,0,0,0,0,1,--------,0,0,0,0
0015,mp0404,Pirate Ship Eleftheria,Crew Quarters,TBOX03,0,536,Ripe Coconut,2,0,0,0,0,1,--------,0,0,0,0
0016,mp0404,Pirate Ship Eleftheria,Crew Quarters,TBOX04,0,327,Tektite Ore,2,0,0,0,0,1,--------,0,0,0,0
0017,mp0404,Pirate Ship Eleftheria,Crew Quarters,TBOX05,0,614,King Pumpkin,2,0,0,0,0,1,--------,0,0,0,0
0018,mp0405,Pirate Ship Eleftheria,Deck,TBOX01,0,774,Logbook 5,1,0,0,0,0,1,mp0405:EV_M05S170_ED,0,0,0,0
0019,mp0408,Pirate Ship Eleftheria,Stairwell,TBOX01,0,773,Logbook 4,1,0,0,0,0,1,mp0408:EV_M05S152_ED,0,0,0,0
0020,mp0408,Pirate Ship Eleftheria,Stairwell,TBOX02,0,614,King Pumpkin,2,0,0,0,0,1,--------,0,0,0,0
0021,mp0408,Pirate Ship Eleftheria,Stairwell,TBOX03,0,537,Ripe Mango,2,0,0,0,0,1,--------,0,0,0,0
0022,mp0408,Pirate Ship Eleftheria,Stairwell,TBOX04,0,328,Essence Stone,1,0,0,0,0,1,--------,0,0,0,0
0023,mp1104,Nameless Coast,Cliffs South - Treebridge,TBOX01,0,151,Bone Necklace,1,0,0,0,0,1,--------,0,0,0,0
0024,mp1104,Nameless Coast,Cliffs South - Treebridge,TBOX02,0,532,Mango,2,0,0,0,0,1,--------,0,0,0,0
0025,mp1104,Nameless Coast,Cliffs South - Treebridge,TBOX03,0,628,Bait,10,0,0,0,0,1,--------,0,0,0,0
0026,mp1106,Nameless Coast,Cliffs North,TBOX01,0,176,Warrior's Mark,1,0,0,0,0,1,--------,0,0,0,0
0027,mp1107,Great River Valley,Cliffs,TBOX01,0,195,Hero's Belt,1,0,0,0,0,1,--------,0,0,0,0
0028,mp1107,Great River Valley,Cliffs,TBOX02,0,528,Beastiary Potion,1,0,0,0,0,1,--------,0,0,0,0
0029,mp1108,Beast Hills,Valley (Where Hummel Joins),TBOX01,0,537,Ripe Mango,1,0,0,0,0,1,--------,0,0,0,0
0030,mp1109,Beast Hills,Collapsed Cliff,TBOX01,0,537,Ripe Mango,1,0,0,0,0,1,--------,0,0,0,0
0031,mp1109,Beast Hills,Collapsed Cliff,TBOX02,0,404,Gwaranga Pincer,2,0,0,0,0,1,--------,0,0,0,0
0032,mp1109,Beast Hills,Collapsed Cliff,TBOX03,0,526,Spirit Elixir,1,0,1,0,0,1,--------,0,0,0,0
0033,mp1111,Nameless Coast,Shoreline South of Boulder,TBOX01,0,419,Digitalis Leaf,3,0,0,0,0,1,--------,0,0,0,0
0034,mp1112,Nameless Coast,Shoreline North of Boulder,TBOX01,0,535,Ripe Crudberry,1,0,0,0,0,1,--------,0,0,0,0
0035,mp1112,Nameless Coast,Shoreline North of Boulder,TBOX02,0,326,Iron Ore,3,0,0,0,0,1,--------,0,0,0,0
0036,mp1113,White Sand Cape,North of Starting Shore,TBOX01,0,316,Sturdy Lumber,3,0,0,0,0,1,--------,0,0,0,0
0037,mp1114,Longhorn Coast,Reja Shore,TBOX01,0,521,Bitter Remedy,3,0,0,0,0,1,--------,0,0,0,0
0038,mp1114,Longhorn Coast,Reja Shore,TBOX03,0,326,Iron Ore,5,0,0,0,0,1,--------,0,0,0,0
0039,mp1115,Longhorn Coast,Eastern Shore,TBOX01,0,536,Ripe Coconut,1,0,0,0,0,1,--------,0,0,0,0
0040,mp1115,Longhorn Coast,Eastern Shore,TBOX02,0,252,Needle Wristband,1,0,0,0,0,1,--------,0,0,0,0
0041,mp1116,Nostalgia Cape,Nostalgia Cape,TBOX01,0,628,Bait,5,0,0,0,0,1,--------,0,0,0,0
0042,mp1117,Roaring Seashore,Metavolicalis,TBOX01,0,537,Ripe Mango,1,0,0,0,0,1,--------,0,0,0,0
0043,mp1117,Roaring Seashore,Metavolicalis,TBOX02,0,761,T's Memo A,1,1,0,0,0,1,--------,0,0,0,0
0044,mp1120,Great River Valley,Large Shoreline,TBOX01,0,609,Sweet Pepper,5,0,0,0,0,1,--------,0,0,0,0
0045,mp1120,Great River Valley,Large Shoreline,TBOX02,0,526,Spirit Elixir,1,0,1,0,0,1,--------,0,0,0,0
0046,mp1120,Great River Valley,Large Shoreline,TBOX03,0,520,Sweet Remedy,3,0,0,0,0,1,--------,0,0,0,0
0047,mp1120t3,Great River Valley,Large Shoreline - Dawn,TBOX01,0,609,Sweet Pepper,5,0,0,0,0,1,--------,0,0,0,0
0048,mp1120t3,Great River Valley,Large Shoreline - Dawn,TBOX02,0,526,Spirit Elixir,1,0,1,0,0,1,--------,0,0,0,0
0049,mp1120t3,Great River Valley,Large Shoreline - Dawn,TBOX03,0,520,Sweet Remedy,3,0,0,0,0,1,--------,0,0,0,0
0050,mp1123,Solitude Island,Cave,TBOX01,0,777,Monolith Fragment,1,0,0,0,0,1,--------,0,0,0,0
0051,mp1131,Nameless Coast,Northwest of Laxia,TBOX01,0,326,Iron Ore,3,0,0,0,0,1,--------,0,0,0,0
0052,mp1132,White Sand Cape,Cobalt Crag,TBOX01,0,628,Bait,5,0,0,0,0,1,--------,0,0,0,0
0053,mp1132,White Sand Cape,Cobalt Crag,TBOX02,0,525,Life Elixir,1,0,0,0,0,1,--------,0,0,0,0
0054,mp1132,White Sand Cape,Cobalt Crag,TBOX03,0,275,Blue Bracelet,1,0,0,0,0,1,--------,0,0,0,0
0055,mp1133,White Sand Cape,Alison's Shore,TBOX01,0,419,Digitalis Leaf,3,0,0,0,0,1,--------,0,0,0,0
0056,mp1134,White Sand Cape,Coral Shore,TBOX01,0,258,Dark Glove,1,0,0,0,0,1,--------,0,0,0,0
0057,mp1134,White Sand Cape,Coral Shore,TBOX02,0,760,T's Memo,1,1,0,0,0,1,--------,0,0,0,0
0058,mp1135,Roaring Seashore,Parasequoia,TBOX01,0,503,Revive Medicine,1,0,0,0,0,1,--------,0,0,0,0
0059,mp1135,Roaring Seashore,Parasequoia,TBOX02,0,254,Stone Glove,1,0,0,0,0,1,--------,0,0,0,0
0060,mp1301,Towering Coral Forest,Entrance,TBOX01,0,520,Sweet Remedy,3,0,0,0,0,1,--------,0,0,0,0
0061,mp1301,Towering Coral Forest,Entrance,TBOX02,0,510,Antidote,5,0,0,0,0,1,--------,0,0,0,0
0062,mp1301t2,Towering Coral Forest (Night),Entrance,TBOX01,0,405,Bullfrodon Mucus,1,0,0,0,0,1,--------,0,0,0,0
0063,mp1301t2,Towering Coral Forest (Night),Entrance,TBOX02,0,537,Ripe Mango,1,0,0,0,0,1,--------,0,0,0,0
0064,mp1301t2,Towering Coral Forest (Night),Entrance,TBOX03,0,437,Glow Rock,1,0,0,0,0,1,--------,0,0,0,0
0065,mp1302,Towering Coral Forest,Walkways,TBOX03,0,259,Bandit Gloves,1,0,0,0,0,1,--------,0,0,0,0
0066,mp1302,Towering Coral Forest,Walkways,TBOX04,0,163,Snake Amulet,1,0,0,0,0,1,--------,0,0,0,0
0067,mp1302,Towering Coral Forest,Walkways,TBOX05,0,524,Defense Elixir,1,0,0,0,0,1,--------,0,0,0,0
0068,mp1302,Towering Coral Forest,Walkways,TBOX06,0,401,Remex,5,0,0,0,0,1,--------,0,0,0,0
0069,mp1302t2,Towering Coral Forest (Night),Walkways,TBOX01,0,628,Bait,5,0,0,0,0,1,--------,0,0,0,0
0070,mp1302t2,Towering Coral Forest (Night),Walkways,TBOX02,0,422,Accursed Shell,3,0,0,0,0,1,--------,0,0,0,0
0071,mp1302t2,Towering Coral Forest (Night),Walkways,TBOX03,0,419,Digitalis Leaf,5,0,0,0,0,1,--------,0,0,0,0
0072,mp1302t2,Towering Coral Forest (Night),Walkways,TBOX04,0,436,Large Pearl,1,0,0,0,0,1,--------,0,0,0,0
0073,mp1303,Towering Coral Forest,After Mid-Boss,TBOX01,0,536,Ripe Coconut,1,0,0,0,0,1,--------,0,0,0,0
0074,mp1303,Towering Coral Forest,After Mid-Boss,TBOX02,0,326,Iron Ore,5,0,0,0,0,1,--------,0,0,0,0
0075,mp1303,Towering Coral Forest,After Mid-Boss,TBOX03,0,503,Revive Medicine,1,0,0,0,0,1,--------,0,0,0,0
0076,mp1303,Towering Coral Forest,After Mid-Boss,TBOX04,0,583,Spiral Manual,1,0,1,0,0,1,--------,0,0,0,0
0077,mp1303t2,Towering Coral Forest (Night),After Mid-Boss,TBOX01,0,515,Hemostatic,3,0,0,0,0,1,--------,0,0,0,0
0078,mp1303t2,Towering Coral Forest (Night),After Mid-Boss,TBOX02,0,516,Remedy,3,0,0,0,0,1,--------,0,0,0,0
0079,mp1304,Towering Coral Forest,Rainbow Falls,TBOX01,0,326,Iron Ore,3,0,0,0,0,1,--------,0,0,0,0
0080,mp1304,Towering Coral Forest,Rainbow Falls,TBOX02,0,569,Recipe Book/Mushroom Omelet,1,1,0,0,0,1,--------,0,0,0,0
0081,mp1304,Towering Coral Forest,Rainbow Falls,TBOX03,0,510,Antidote,3,0,0,0,0,1,--------,0,0,0,0
0082,mp1304,Towering Coral Forest,Rainbow Falls,TBOX04,0,180,Red Cape,1,0,0,0,0,1,--------,0,0,0,0
0083,mp1304,Towering Coral Forest,Rainbow Falls,TBOX05,0,523,Strength Elixir,1,0,0,0,0,1,--------,0,0,0,0
0084,mp1304t2,Towering Coral Forest (Night),Rainbow Falls,TBOX01,0,532,Mango,5,0,0,0,0,1,--------,0,0,0,0
0085,mp1304t2,Towering Coral Forest (Night),Rainbow Falls,TBOX02,0,521,Bitter Remedy,2,0,0,0,0,1,--------,0,0,0,0
0086,mp1304t2,Towering Coral Forest (Night),Rainbow Falls,TBOX03,0,476,Prismatic Jewel,1,1,0,0,0,1,--------,0,0,0,0
0087,mp1305,Towering Coral Forest,Midpoint,TBOX01,0,535,Ripe Crudberry,2,0,0,0,0,1,--------,0,0,0,0
0088,mp1306t2,Towering Coral Forest (Night),Mid-Boss Arena,TBOX01,0,321,Beautiful Flower,5,0,0,0,0,1,--------,0,0,0,0
0089,mp1307,Towering Coral Forest,End,TBOX01,0,536,Ripe Coconut,1,0,0,0,0,1,--------,0,0,0,0
0090,mp1307t2,Towering Coral Forest (Night),End,TBOX01,0,311,Sterile Mucus,5,0,0,0,0,1,--------,0,0,0,0
0091,mp2101,Nameless Coast,Forested Area (Gravel Spot),TBOX01,0,155,Blade Ring,1,0,0,0,0,1,--------,0,0,0,0
0092,mp2101,Nameless Coast,Forested Area (Gravel Spot),TBOX02,0,400,Beast Claw,3,0,0,0,0,1,--------,0,0,0,0
0093,mp2102,Great River Valley,Falls,TBOX01,0,628,Bait,5,0,0,0,0,1,--------,0,0,0,0
0094,mp2102,Great River Valley,Falls,TBOX02,0,199,Tiger Claw,1,0,1,0,0,1,--------,0,0,0,0
0095,mp2102,Great River Valley,Falls,TBOX03,0,524,Defense Elixir,1,0,0,0,0,1,--------,0,0,0,0
0096,mp2102,Great River Valley,Falls,TBOX04,0,535,Ripe Crudberry,3,0,0,0,0,1,--------,0,0,0,0
0097,mp2102,Great River Valley,Falls,TBOX05,0,165,Lightning Amulet,1,0,0,0,0,1,--------,0,0,0,0
0098,mp2104,Water and Wood Hills,Near Silent Tower,TBOX01,0,446,Saurian Scale,2,0,0,0,0,1,--------,0,0,0,0
0099,mp2104,Water and Wood Hills,Near Silent Tower,TBOX02,0,269,Bolt Bracelet,1,0,0,0,0,1,--------,0,0,0,0
0100,mp2105,Water and Wood Hills,Foggy Forest,TBOX01,0,193,Athlete Belt,1,0,0,0,0,1,--------,0,0,0,0
0101,mp2301,Schlamm Jungle,Entrance,TBOX01,0,160,Shield earring II,1,0,0,0,0,1,--------,0,0,0,0
0102,mp2301,Schlamm Jungle,Entrance,TBOX02,0,571,Recipe Book/Colorful Meuniere,1,1,0,0,0,1,--------,0,0,0,0
0103,mp2301,Schlamm Jungle,Entrance,TBOX03,0,424,Salamandine Hide,3,0,0,0,0,1,--------,0,0,0,0
0104,mp2302,Schlamm Jungle,North of Entrance,TBOX01,0,512,Antiparalytic,5,0,0,0,0,1,--------,0,0,0,0
0105,mp2304,Schlamm Jungle,Mid-Boss Arena,TBOX01,0,740,Float Shoes,1,1,0,0,0,1,--------,0,0,0,0
0106,mp2305,Schlamm Jungle,Small Passage,TBOX01,0,536,Ripe Coconut,1,0,0,0,0,1,--------,0,0,0,0
0107,mp2305,Schlamm Jungle,Small Passage,TBOX02,0,152,Bone Necklace II,1,0,0,0,0,1,--------,0,0,0,0
0108,mp2306,Schlamm Jungle,Muddy Passage,TBOX01,0,584,Fairy Manual,1,0,1,0,0,1,--------,0,0,0,0
0109,mp2306,Schlamm Jungle,Muddy Passage,TBOX02,0,590,Forest Guide,1,0,1,0,0,1,--------,0,0,0,0
0110,mp2307,Schlamm Jungle,End,TBOX01,0,524,Defense Elixir,1,0,0,0,0,1,--------,0,0,0,0
0111,mp3101,Weathervane Hills,South of Nameless Coast Rockslide,TBOX01,0,503,Revive Medicine,1,0,0,0,0,1,--------,0,0,0,0
0112,mp3101,Weathervane Hills,South of Nameless Coast Rockslide,TBOX02,0,762,T's Memo B,1,1,0,0,0,1,--------,0,0,0,0
0113,mp3102,Weathervane Hills,Zephyr Hill,TBOX01,0,190,Blood Fang,1,0,0,0,0,1,--------,0,0,0,0
0114,mp3103,Great River Valley,Lookout Tower,TBOX01,0,260,Blue Glove,1,0,0,0,0,1,--------,0,0,0,0
0115,mp3104,Great River Valley,Chimney Rock,TBOX01,0,511,Eye Drops,5,0,0,0,0,1,--------,0,0,0,0
0116,mp3106,Western Foot of Gendarme,Moutain Base,TBOX01,0,312,Sparkling Mucus,2,0,0,0,0,1,--------,0,0,0,0
0117,mp3107,Western Foot of Gendarme,Near Cavern of the Ancient King,TBOX01,0,171,Pyrios Talisman,1,0,0,0,0,1,--------,0,0,0,0
0118,mp3109,The Primordial Passage,Dana's Tree,TBOX01,0,827,Big Seed,1,0,0,0,0,1,--------,0,0,0,0
0119,mp3109,The Primordial Passage,Dana's Tree,TBOX02,0,515,Hemostatic,3,0,0,0,0,1,--------,0,0,0,0
0120,mp4103,Mountain Pinnacle Trail,Top,TBOX01,0,327,Tektite Ore,2,0,0,0,0,1,--------,0,0,0,0
0121,mp4104,Mountain Pinnacle Trail,Outside First Cave Exit,TBOX01,0,510,Antidote,5,0,0,0,0,1,--------,0,0,0,0
0122,mp4104,Mountain Pinnacle Trail,Outside First Cave Exit,TBOX02,0,327,Tektite Ore,2,0,0,0,0,1,--------,0,0,0,0
0123,mp4106,Mountain Pinnacle Trail,Lower Mountain Trail,TBOX01,0,257,Red Glove,1,0,0,0,0,1,--------,0,0,0,0
0124,mp4108,Mountain Pinnacle Trail,Outside Second Cave Entrance,TBOX01,0,524,Defense Elixir,1,0,0,0,0,1,--------,0,0,0,0
0125,mp4108,Mountain Pinnacle Trail,Outside Second Cave Entrance,TBOX02,0,612,Shiny Corn,5,0,0,0,0,1,--------,0,0,0,0
0126,mp4110,Vista Ridge,Vista Ridge Upper,TBOX01,0,523,Strength Elixir,1,0,0,0,0,1,--------,0,0,0,0
0127,mp4110,Vista Ridge,Vista Ridge Upper,TBOX02,0,328,Essence Stone,2,0,0,0,0,1,--------,0,0,0,0
0128,mp4301,Eroded Valley,Entrance,TBOX01,0,511,Eye Drops,3,0,0,0,0,1,--------,0,0,0,0
0129,mp4301,Eroded Valley,Entrance,TBOX02,0,167,Crow Amulet,1,0,0,0,0,1,--------,0,0,0,0
0130,mp4301,Eroded Valley,Entrance,TBOX03,0,326,Iron Ore,3,0,0,0,0,1,--------,0,0,0,0
0131,mp4301,Eroded Valley,Entrance,TBOX04,0,687,Eyedrop Formula,1,0,0,0,0,1,--------,0,0,0,0
0132,mp4301,Eroded Valley,Entrance,TBOX05,0,522,Hermit's Elixir,1,0,0,0,0,1,--------,0,0,0,0
0133,mp4302,Eroded Valley,Cave,TBOX01,0,510,Antidote,5,0,0,0,0,1,--------,0,0,0,0
0134,mp4302,Eroded Valley,Cave,TBOX02,0,523,Strength Elixir,1,0,0,0,0,1,--------,0,0,0,0
0135,mp4302,Eroded Valley,Cave,TBOX03,0,537,Ripe Mango,1,0,0,0,0,1,--------,0,0,0,0
0136,mp4303,Eroded Valley,Dark Passage,TBOX01,0,527,Tempest Elixir,1,0,0,0,0,1,--------,0,0,0,0
0137,mp4305,Eroded Valley,Midpoint,TBOX01,0,438,Stalactite,3,0,0,0,0,1,--------,0,0,0,0
0138,mp4305,Eroded Valley,Midpoint,TBOX02,0,500,Heal Potion,1,0,0,0,0,1,--------,0,0,0,0
0139,mp4305,Eroded Valley,Midpoint,TBOX03,0,510,Antidote,3,0,0,0,0,1,--------,0,0,0,0
0140,mp4306,Eroded Valley,Mid-Boss Arena,TBOX01,0,739,Glow Stone,1,1,0,0,0,1,--------,0,0,0,0
0141,mp4307,Eroded Valley,Webbed Walkways,TBOX01,0,585,Wild Manual,1,0,1,0,0,1,--------,0,0,0,0
0142,mp4307,Eroded Valley,Webbed Walkways,TBOX02,0,186,Hunter Hat,1,0,0,0,0,1,--------,0,0,0,0
0143,mp4307,Eroded Valley,Webbed Walkways,TBOX03,0,512,Antiparalytic,3,0,0,0,0,1,--------,0,0,0,0
0144,mp4308,Eroded Valley,End,TBOX01,0,156,Blade Ring II,1,0,0,0,0,1,--------,0,0,0,0
0145,mp4331,Mont Gendarme,Entrance,TBOX01,0,780,Sweet Pepper Seeds,1,0,0,0,0,1,--------,0,0,0,0
0146,mp4331t2,Mont Gendarme (Night),Entrance,TBOX01,0,514,Burn Medicine,3,0,0,0,0,1,--------,0,0,0,0
0147,mp4333,Mont Gendarme,Southern Lower Cliffside Trail,TBOX01,0,512,Antiparalytic,3,0,0,0,0,1,--------,0,0,0,0
0148,mp4333,Mont Gendarme,Southern Lower Cliffside Trail,TBOX02,0,763,T's Memo C,1,1,0,0,0,1,--------,0,0,0,0
0149,mp4333t2,Mont Gendarme (Night),Southern Lower Cliffside Trail,TBOX01,0,628,Bait,5,0,0,0,0,1,--------,0,0,0,0
0150,mp4333t2,Mont Gendarme (Night),Southern Lower Cliffside Trail,TBOX02,0,443,Rigid Fiber,1,0,0,0,0,1,--------,0,0,0,0
0151,mp4333t2,Mont Gendarme (Night),Southern Lower Cliffside Trail,TBOX03,0,476,Prismatic Jewel,1,1,0,0,0,1,--------,0,0,0,0
0152,mp4334,Mont Gendarme,Northern Lower Cliffside Trail,TBOX01,0,307,Beast Hide,2,0,0,0,0,1,--------,0,0,0,0
0153,mp4334,Mont Gendarme,Northern Lower Cliffside Trail,TBOX02,0,253,Iron Shield,1,0,0,0,0,1,--------,0,0,0,0
0154,mp4334,Mont Gendarme,Northern Lower Cliffside Trail,TBOX03,0,689,Blood Formula,1,0,0,0,0,1,--------,0,0,0,0
0155,mp4334t2,Mont Gendarme (Night),Northern Lower Cliffside Trail,TBOX01,0,537,Ripe Mango,1,0,0,0,0,1,--------,0,0,0,0
0156,mp4334t2,Mont Gendarme (Night),Northern Lower Cliffside Trail,TBOX02,0,199,Tiger Claw,1,0,1,0,0,1,--------,0,0,0,0
0157,mp4335,Mont Gendarme,Outside Cabin,TBOX01,0,525,Life Elixir,1,0,0,0,0,1,--------,0,0,0,0
0158,mp4336,Mont Gendarme,Cliffside Midpoint,TBOX01,0,537,Ripe Mango,1,0,0,0,0,1,--------,0,0,0,0
0159,mp4336,Mont Gendarme,Cliffside Midpoint,TBOX02,0,602,Seiren Wheat,5,0,0,0,0,1,--------,0,0,0,0
0160,mp4336t2,Mont Gendarme (Night),Cliffside Midpoint,TBOX01,0,436,Large Pearl,1,0,0,0,0,1,--------,0,0,0,0
0161,mp4337t2,Mont Gendarme (Night),Mid-Boss Arena,TBOX01,0,437,Glow Rock,3,0,0,0,0,1,--------,0,0,0,0
0162,mp4338,Mont Gendarme,Upper Cliffs 1,TBOX01,0,327,Tektite Ore,2,0,0,0,0,1,--------,0,0,0,0
0163,mp4338,Mont Gendarme,Upper Cliffs 1,TBOX02,0,803,Rainbow Pigment,1,0,0,0,0,1,--------,0,0,0,0
0164,mp4338t2,Mont Gendarme (Night),Upper Cliffs 1,TBOX01,0,520,Sweet Remedy,5,0,0,0,0,1,--------,0,0,0,0
0165,mp4339,Mont Gendarme,Upper Cliffs 2,TBOX01,0,537,Ripe Mango,1,0,0,0,0,1,--------,0,0,0,0
0166,mp4339t2,Mont Gendarme (Night),Upper Cliffs 2,TBOX01,0,603,Pheasant Egg,5,0,0,0,0,1,--------,0,0,0,0
0167,mp5101,Titis Primeval Forest,Exit to Pangaia Plains,TBOX01,0,153,Bone Necklace III,1,0,0,0,0,1,--------,0,0,0,0
0168,mp5102,Titis Primeval Forest,Near Primordial Den,TBOX01,0,273,Black Bracelet,1,0,0,0,0,1,--------,0,0,0,0
0169,mp5102,Titis Primeval Forest,Near Primordial Den,TBOX02,0,515,Hemostatic,3,0,0,0,0,1,--------,0,0,0,0
0170,mp5102,Titis Primeval Forest,Near Primordial Den,TBOX03,0,327,Tektite Ore,3,0,0,0,0,1,--------,0,0,0,0
0171,mp5103,Titis Primeval Forest,Entrance from Temple Approach,TBOX01,0,690,Delight Formula,1,0,0,0,0,1,--------,0,0,0,0
0172,mp6104,Towal Highway,Baja Tower Approach,TBOX01,0,327,Tektite Ore,5,0,0,0,0,1,--------,0,0,0,0
0173,mp6106,Lodinia Marshland,Entrance from Vista Ridge,TBOX01,0,628,Bait,5,0,0,0,0,1,--------,0,0,0,0
0174,mp6106,Lodinia Marshland,Entrance from Vista Ridge,TBOX02,0,328,Essence Stone,2,0,0,0,0,1,--------,0,0,0,0
0175,mp6106,Lodinia Marshland,Entrance from Vista Ridge,TBOX03,0,183,Blue Moon Talisman,1,0,0,0,0,1,--------,0,0,0,0
0176,mp6107,Lodinia Marshland,Near Submerged Cemetery,TBOX01,0,328,Essence Stone,2,0,0,0,0,1,--------,0,0,0,0
0177,mp6107,Lodinia Marshland,Near Submerged Cemetery,TBOX02,0,267,Prickly Band,1,0,0,0,0,1,--------,0,0,0,0
0178,mp6108,Lodinia Marshland,Valley of Kings - Camp,TBOX01,0,620,Empty Bottle,1,0,0,0,0,1,--------,0,0,0,0
0179,mp6108t3,Lodinia Marshland,Valley of Kings - Camp (Dawn),TBOX01,0,620,Empty Bottle,1,0,0,0,0,1,--------,0,0,0,0
0180,mp6109,Eternal Hill,Eternal Hill,TBOX01,0,196,Legend's Belt,1,0,0,0,0,1,--------,0,0,0,0
0181,mp6111,Pangaia Plains,Pond,TBOX01,0,512,Antiparalytic,5,0,0,0,0,1,--------,0,0,0,0
0182,mp6111t2,Pangaia Plains (Night),Pond,TBOX01,0,476,Prismatic Jewel,1,1,0,0,0,1,--------,0,0,0,0
0183,mp6112,Pangaia Plains,Ancient Tree,TBOX01,0,161,Shield Earrings III,1,0,0,0,0,1,--------,0,0,0,0
0184,mp6112t2,Pangaia Plains (Night),Ancient Tree,TBOX01,0,436,Large Pearl,1,0,0,0,0,1,--------,0,0,0,0
0185,mp6113,Lodinia Marshland,Muddy Lake,TBOX01,0,522,Hermit's Elixir,1,0,0,0,0,1,--------,0,0,0,0
0186,mp6113,Lodinia Marshland,Muddy Lake,TBOX02,0,328,Essence Stone,2,0,0,0,0,1,--------,0,0,0,0
0187,mp6113,Lodinia Marshland,Muddy Lake,TBOX03,0,465,Dandale Horn,1,0,0,0,0,1,--------,0,0,0,0
0188,mp6114,Lodinia Marshland,Exit to Valley of Kings,TBOX01,0,179,Warrior's Mark IV,1,0,0,0,0,1,--------,0,0,0,0
0189,mp6114,Lodinia Marshland,Exit to Valley of Kings,TBOX02,0,462,Starry Shell,2,0,0,0,0,1,--------,0,0,0,0
0190,mp6114,Lodinia Marshland,Exit to Valley of Kings,TBOX03,0,461,Lunar Wings,2,0,0,0,0,1,--------,0,0,0,0
0191,mp6115,Towal Highway,Cliff Overlooking Chasm,TBOX01,0,783,Shiny Corn Seeds,1,0,0,0,0,1,--------,0,0,0,0
0192,mp6116,Pangaia Plains,Northern Plains,TBOX01,0,515,Hemostatic,3,0,0,0,0,1,--------,0,0,0,0
0193,mp6116,Pangaia Plains,Northern Plains,TBOX02,0,178,Warrior's Mark III,1,0,0,0,0,1,--------,0,0,0,0
0194,mp6116t2,Pangaia Plains (Night),Northern Plains,TBOX01,0,515,Hemostatic,5,0,0,0,0,1,--------,0,0,0,0
0195,mp6201,The Ruins of Eternia,Central District,TBOX02,0,542,Hope Stone,1,0,0,0,0,1,--------,0,0,0,0
0196,mp6201,The Ruins of Eternia,Central District,TBOX01,0,436,Large Pearl,1,0,0,0,0,1,--------,0,0,0,0
0197,mp6213,The Ruins of Eternia,Eastern Entrance,TBOX01,0,270,Heavy Gauntlet,1,0,0,0,0,1,--------,0,0,0,0
0198,mp6213,The Ruins of Eternia,Eastern Entrance,TBOX02,0,327,Tektite Ore,2,0,0,0,0,1,--------,0,0,0,0
0199,mp6213,The Ruins of Eternia,Eastern Entrance,TBOX03,0,444,Vivine Bitters,2,0,0,0,0,1,--------,0,0,0,0
0200,mp6214,The Ruins of Eternia,Residence,TBOX01,0,819,Snowflake Soap,1,0,0,0,0,1,--------,0,0,0,0
0201,mp6214,The Ruins of Eternia,Residence,TBOX02,0,736,Windy Vestment,1,0,0,0,0,1,--------,0,0,0,0
0202,mp6305,Octus Overlook,Path of the Ocean Era,TBOX01,0,628,Bait,10,0,0,0,0,1,--------,0,0,0,0
0203,mp6305,Octus Overlook,Path of the Ocean Era,TBOX02,0,498,Pure Orichalcum,1,0,1,0,0,1,--------,0,0,0,0
0204,mp6306,Octus Overlook,Path of the Frozen Era,TBOX01,0,538,Dragon Tree Treasure,1,0,0,0,0,1,--------,0,0,0,0
0205,mp6306,Octus Overlook,Path of the Frozen Era,TBOX02,0,290,Blizzard Gauntlets,1,0,0,0,0,1,--------,0,0,0,0
0206,mp6306,Octus Overlook,Path of the Frozen Era,TBOX03,0,522,Hermit's Elixir,1,0,0,0,0,1,--------,0,0,0,0
0207,mp6307,Octus Overlook,Path of the Insectoid Era,TBOX01,0,538,Dragon Tree Treasure,1,0,0,0,0,1,--------,0,0,0,0
0208,mp6307,Octus Overlook,Path of the Insectoid Era,TBOX02,0,808,Violet Bookmark,1,0,0,0,0,1,--------,0,0,0,0
0209,mp6307,Octus Overlook,Path of the Insectoid Era,TBOX03,0,785,King Pumpkin seeds,1,0,0,0,0,1,--------,0,0,0,0
0210,mp6308,Octus Overlook,Path of the Sky Era,TBOX01,0,522,Hermit's Elixir,1,0,0,0,0,1,--------,0,0,0,0
0211,mp6308,Octus Overlook,Path of the Sky Era,TBOX02,0,498,Pure Orichalcum,1,0,1,0,0,1,--------,0,0,0,0
0212,mp6308,Octus Overlook,Path of the Sky Era,TBOX03,0,538,Dragon Tree Treasure,1,0,0,0,0,1,--------,0,0,0,0
0213,mp6310,Octus Overlook,Selection Sphere,TBOX01,0,523,Strength Elixir,1,0,0,0,0,1,--------,0,0,0,0
0214,mp6310,Octus Overlook,Selection Sphere,TBOX02,0,524,Defense Elixir,1,0,0,0,0,1,--------,0,0,0,0
0215,mp6310,Octus Overlook,Selection Sphere,TBOX03,0,525,Life Elixir,1,0,0,0,0,1,--------,0,0,0,0
0216,mp6322,Baja Tower,Second Floor,TBOX01,0,157,Blade Ring III,1,0,0,0,0,1,--------,0,0,0,0
0217,mp6322,Baja Tower,Second Floor,TBOX02,0,513,Defrost Medicine,5,0,0,0,0,1,--------,0,0,0,0
0218,mp6322,Baja Tower,Second Floor,TBOX03,0,816,Ancient Coin,1,0,0,0,0,1,--------,0,0,0,0
0219,mp6323,Baja Tower,Third Floor,TBOX01,0,586,Tremor Manual,1,0,1,0,0,1,--------,0,0,0,0
0220,mp6323,Baja Tower,Third Floor,TBOX02,0,327,Tektite Ore,3,0,0,0,0,1,--------,0,0,0,0
0221,mp6323,Baja Tower,Third Floor,TBOX03,0,446,Saurian Scale,2,0,0,0,0,1,--------,0,0,0,0
0222,mp6323,Baja Tower,Third Floor,TBOX04,0,169,Fenrir Talisman,1,0,0,0,0,1,--------,0,0,0,0
0223,mp6325,Baja Tower,Mid-Boss Arena,TBOX01,0,741,Archeopteryx Wings,1,1,0,0,0,1,--------,0,0,0,0
0224,mp6326,Baja Tower,Fifth Floor,TBOX01,0,513,Defrost Medicine,3,0,0,0,0,1,--------,0,0,0,0
0225,mp6326,Baja Tower,Fifth Floor,TBOX02,0,501,Full Potion,1,0,0,0,0,1,--------,0,0,0,0
0226,mp6328,Baja Tower,Sixth Floor,TBOX01,0,327,Tektite Ore,3,0,0,0,0,1,--------,0,0,0,0
0227,mp6328,Baja Tower,Sixth Floor,TBOX02,0,443,Rigid Fiber,2,0,0,0,0,1,--------,0,0,0,0
0228,mp6328,Baja Tower,Sixth Floor,TBOX03,0,459,Rim Flower,2,0,0,0,0,1,--------,0,0,0,0
0229,mp6328,Baja Tower,Sixth Floor,TBOX04,0,276,Barbaric Bracelet,1,0,0,0,0,1,--------,0,0,0,0
0230,mp6328,Baja Tower,Sixth Floor,TBOX05,0,538,Dragon Tree Treasure,1,0,0,0,0,1,--------,0,0,0,0
0231,mp6341,Valley of Kings,Entrance,TBOX01,0,328,Essence Stone,2,0,0,0,0,1,--------,0,0,0,0
0232,mp6341,Valley of Kings,Entrance,TBOX02,0,514,Burn Medicine,3,0,0,0,0,1,--------,0,0,0,0
0233,mp6341,Valley of Kings,Entrance,TBOX03,0,172,Pyrios Stone,1,0,0,0,0,1,--------,0,0,0,0
0234,mp6341,Valley of Kings,Entrance,TBOX04,0,328,Essence Stone,2,0,0,0,0,1,--------,0,0,0,0
0235,mp6341,Valley of Kings,Entrance,TBOX05,0,522,Hermit's Elixir,1,0,0,0,0,1,--------,0,0,0,0
0236,mp6341,Valley of Kings,Entrance,TBOX06,0,538,Dragon Tree Treasure,1,0,0,0,0,1,--------,0,0,0,0
0237,mp6342,Valley of Kings,Northern Lower Level,TBOX01,0,588,Freeze Manual,1,0,1,0,0,1,--------,0,0,0,0
0238,mp6342,Valley of Kings,Northern Lower Level,TBOX02,0,328,Essence Stone,2,0,0,0,0,1,--------,0,0,0,0
0239,mp6345,Valley of Kings,Mid-Boss Arena,TBOX01,0,742,Purifying bell,1,1,0,0,0,1,mp6345:SubEV_05_Get_Bell_ED,0,0,0,0
0240,mp6346,Valley of Kings,Stairway (Statue Doors),TBOX01,0,478,Dragon Crest Stone,1,0,0,0,0,1,--------,0,0,0,0
0241,mp6346,Valley of Kings,Stairway (Statue Doors),TBOX02,0,537,Ripe Mango,1,0,0,0,0,1,--------,0,0,0,0
0242,mp6346,Valley of Kings,Stairway (Statue Doors),TBOX03,0,479,Great Tree Lumber,1,0,0,0,0,1,--------,0,0,0,0
0243,mp6346,Valley of Kings,Stairway (Statue Doors),TBOX04,0,593,Wind Guide,1,0,1,0,0,1,--------,0,0,0,0
0244,mp6347,Valley of Kings,End,TBOX01,0,271,Warrior Wrist,1,0,1,0,0,1,--------,0,0,0,0
0245,mp6347,Valley of Kings,End,TBOX02,0,185,Sun Talisman,1,0,0,0,0,1,--------,0,0,0,0
0246,mp6347,Valley of Kings,End,TBOX03,0,522,Hermit's Elixir,1,0,0,0,0,1,--------,0,0,0,0
0247,mp6347,Valley of Kings,End,TBOX04,0,514,Burn Medicine,5,0,0,0,0,1,--------,0,0,0,0
0248,mp6361,Archeozoic Chasm,Entrance,TBOX01,0,446,Saurian Scale,1,0,0,0,0,1,--------,0,0,0,0
0249,mp6362,Archeozoic Chasm,Cliffs Overlooking Crater,TBOX01,0,512,Antiparalytic,3,0,0,0,0,1,--------,0,0,0,0
0250,mp6362,Archeozoic Chasm,Cliffs Overlooking Crater,TBOX02,0,696,Defense Formula,1,0,0,0,0,1,--------,0,0,0,0
0251,mp6364,Archeozoic Chasm,Whirlpools,TBOX01,0,587,Thorn Manual,1,0,1,0,0,1,--------,0,0,0,0
0252,mp6364,Archeozoic Chasm,Whirlpools,TBOX02,0,459,Rim Flower,1,0,0,0,0,1,--------,0,0,0,0
0253,mp6365,Archeozoic Chasm,Submerged Cave,TBOX01,0,738,Hermit's Scale,1,1,0,0,0,1,--------,0,0,0,0
0254,mp6365,Archeozoic Chasm,Submerged Cave,TBOX02,0,461,Lunar Wing,2,0,0,0,0,1,--------,0,0,0,0
0255,mp6365,Archeozoic Chasm,Submerged Cave,TBOX03,0,328,Essence Stone,2,0,0,0,0,1,--------,0,0,0,0
0256,mp6367,Archeozoic Chasm,Water Vents,TBOX01,0,460,Sunlight Fang,2,0,0,0,0,1,--------,0,0,0,0
0257,mp6367,Archeozoic Chasm,Water Vents,TBOX02,0,692,Bless Formula,1,0,0,0,0,1,--------,0,0,0,0
0258,mp6368,Archeozoic Chasm,Sunken Eternia Ruins West,TBOX01,0,462,Starry Shell,2,0,0,0,0,1,--------,0,0,0,0
0259,mp6369,Archeozoic Chasm,Sunken Eternia Ruins East,TBOX01,0,815,Gold Essence Crystal,1,0,0,0,0,1,--------,0,0,0,0
0260,mp6369,Archeozoic Chasm,Sunken Eternia Ruins East,TBOX02,0,522,Hermit's Elixir,1,0,0,0,0,1,--------,0,0,0,0
0261,mp6369,Archeozoic Chasm,Sunken Eternia Ruins East,TBOX03,0,538,Dragon Tree Treasure,1,0,0,0,0,1,--------,0,0,0,0
0262,mp6412,Silent Tower,First Basement,TBOX01,0,479,Great Tree Lumber,2,0,0,0,0,1,--------,0,0,0,0
0263,mp6412,Silent Tower,First Basement,TBOX02,0,498,Pure Orichalcum,1,0,1,0,0,1,--------,0,0,0,0
0264,mp6412,Silent Tower,First Basement,TBOX03,0,499,Aura Grass,2,0,0,0,0,1,--------,0,0,0,0
0265,mp6413,Silent Tower,Second Basement,TBOX01,0,478,Dragon Crest Stone,2,0,0,0,0,1,--------,0,0,0,0
0266,mp6413,Silent Tower,Second Basement,TBOX02,0,527,Tempest Elixir,1,0,0,0,0,1,--------,0,0,0,0
0267,mp6413,Silent Tower,Second Basement,TBOX03,0,486,Saurian Carapace,1,0,0,0,0,1,--------,0,0,0,0
0268,mp6413,Silent Tower,Second Basement,TBOX04,0,211,Sky Crown,1,0,0,0,0,1,--------,0,0,0,0
0269,mp6421,Bolado Monastery,Entrance,TBOX01,0,693,Life Formula,1,0,0,0,0,1,--------,0,0,0,0
0270,mp6421,Bolado Monastery,Entrance,TBOX02,0,521,Bitter Remedy,1,0,0,0,0,1,--------,0,0,0,0
0271,mp6421,Bolado Monastery,Entrance,TBOX03,0,538,Dragon Tree Treasure,1,0,0,0,0,1,--------,0,0,0,0
0272,mp6421,Bolado Monastery,Entrance,TBOX04,0,441,Blue Sky Feather,3,0,0,0,0,1,--------,0,0,0,0
0273,mp6421,Bolado Monastery,Entrance,TBOX05,0,442,Diamond Shell,3,0,0,0,0,1,--------,0,0,0,0
0274,mp6422,Bolado Monastery,Basement,TBOX01,0,525,Life Elixir,1,0,0,0,0,1,--------,0,0,0,0
0275,mp6422,Bolado Monastery,Basement,TBOX02,0,478,Dragon Crest Stone,2,0,0,0,0,1,--------,0,0,0,0
0276,mp6422,Bolado Monastery,Basement,TBOX03,0,479,Great Tree Lumber,2,0,0,0,0,1,--------,0,0,0,0
0277,mp6422,Bolado Monastery,Basement,TBOX04,0,440,Thunder Claw,3,0,0,0,0,1,--------,0,0,0,0
0278,mp6422,Bolado Monastery,Basement,TBOX05,0,443,Rigid Fiber,3,0,0,0,0,1,--------,0,0,0,0
0279,mp6511,Former Sanctuary Crypt - B1,Entrance,TBOX01,0,516,Remedy,3,0,0,0,0,1,--------,0,0,0,0
0280,mp6511,Former Sanctuary Crypt - B1,Entrance,TBOX02,0,620,Empty bottle,1,0,0,0,0,1,--------,0,0,0,0
0281,mp6511,Former Sanctuary Crypt - B1,Entrance,TBOX03,0,703,Essence Key Stone,1,0,0,0,0,1,--------,0,0,0,0
0282,mp6511m,Sanctuary Crypt - Chamber of Braziers (Past),Entrance,TBOX01,0,295,Light Arm Guard,1,0,0,0,0,1,--------,0,0,0,0
0283,mp6512,Former Sanctuary Crypt - B1,First Brazier,TBOX01,0,457,Moonlight Grass,3,0,0,0,0,1,--------,0,0,0,0
0284,mp6512,Former Sanctuary Crypt - B1,First Brazier,TBOX02,0,499,Aura Grass,1,0,0,0,0,1,--------,0,0,0,0
0285,mp6512m,Sanctuary Crypt - Chamber of Braziers (Past),First Brazier,TBOX01,0,508,Medicine,1,0,0,0,0,1,--------,0,0,0,0
0286,mp6512m,Sanctuary Crypt - Chamber of Braziers (Past),First Brazier,TBOX02,0,670,Energy Fragment,50,0,0,0,0,1,--------,0,0,0,0
0287,mp6513,Former Sanctuary Crypt - B1,North Brazier Room,TBOX01,0,533,Dragon Tree Treasure,1,0,0,0,0,1,--------,0,0,0,0
0288,mp6513,Former Sanctuary Crypt - B1,North Brazier Room,TBOX02,0,620,Empty bottle,1,0,0,0,0,1,mp6513:EvOpenTBox,0,0,0,0
0289,mp6514m,Sanctuary Crypt - Chamber of Braziers (Past),Wind Tunnel,TBOX01,0,670,Energy Fragment,50,0,0,0,0,1,--------,0,0,0,0
0290,mp6514m,Sanctuary Crypt - Chamber of Braziers (Past),Wind Tunnel,TBOX02,0,722,Dragon Bone Necklace,1,0,0,0,0,1,--------,0,0,0,0
0291,mp6519,Former Sanctuary Crypt - B1,Boss Arena,TBOX01,0,542,Hope Stone,1,0,0,0,0,1,mp6519:EvOpenTBox,0,0,0,0
0292,mp6519m,Sanctuary Crypt - Chamber of Braziers (Past),Boss Arena,TBOX01,0,546,Wheel of Eternity,1,0,0,0,0,1,--------,0,0,0,0
0293,mp6521,Former Sanctuary Crypt - B2,Entrance,TBOX01,0,511,Eye Drops,3,0,0,0,0,1,--------,0,0,0,0
0294,mp6521,Former Sanctuary Crypt - B2,Entrance,TBOX02,0,703,Essence Key Stone,1,0,0,0,0,1,--------,0,0,0,0
0295,mp6521,Former Sanctuary Crypt - B2,Entrance,TBOX03,0,703,Essence Key Stone,1,0,0,0,0,1,--------,0,0,0,0
0296,mp6522,Former Sanctuary Crypt - B2,Stone and Rock Block Puzzle,TBOX01,0,512,Antiparalytic,1,0,0,0,0,1,--------,0,0,0,0
0297,mp6522,Former Sanctuary Crypt - B2,Stone and Rock Block Puzzle,TBOX02,0,703,Essence Key Stone,1,0,0,0,0,1,--------,0,0,0,0
0298,mp6522m,Sanctuary Crypt - Chamber of Stone (Past),Stone and Rock Block Puzzle,TBOX01,0,508,Medicine,1,0,0,0,0,1,--------,0,0,0,0
0299,mp6523m,Sanctuary Crypt - Chamber of Stone (Past),Stone and Rock Floating Block Puzzle with Gaps,TBOX01,0,725,Mushin's hairpin,1,0,0,0,0,1,--------,0,0,0,0
0300,mp6524m,Sanctuary Crypt - Chamber of Stone (Past),Stone and Rock Floating Block Puzzle,TBOX01,0,509,Full Medicine,1,0,0,0,0,1,--------,0,0,0,0
0301,mp6529,Former Sanctuary Crypt - B2,Boss Arena,TBOX01,0,544,Devil Fang,1,0,0,0,0,1,--------,0,0,0,0
0302,mp6529m,Sanctuary Crypt - Chamber of Stone (Past),Boss Arena,TBOX01,0,547,Crown of Creation,1,0,0,0,0,1,--------,0,0,0,0
0303,mp6531,Former Sanctuary Crypt - B3,Entrance,TBOX01,0,515,Hemostatic,1,0,0,0,0,1,--------,0,0,0,0
0304,mp6531,Former Sanctuary Crypt - B3,Entrance,TBOX02,0,499,Aura Grass,1,0,0,0,0,1,--------,0,0,0,0
0305,mp6531,Former Sanctuary Crypt - B3,Entrance,TBOX03,0,201,Hawk Wing,1,0,0,0,0,1,--------,0,0,0,0
0306,mp6531,Former Sanctuary Crypt - B3,Entrance,TBOX04,0,522,Hermit's Elixir,3,0,0,0,0,1,--------,0,0,0,0
0307,mp6531,Former Sanctuary Crypt - B3,Entrance,TBOX05,0,213,Spirit Necklace,1,0,0,0,0,1,--------,0,0,0,0
0308,mp6531,Former Sanctuary Crypt - B3,Entrance,TBOX06,0,175,Nature Talisman,1,0,0,0,0,1,--------,0,0,0,0
0309,mp6531,Former Sanctuary Crypt - B3,Entrance,TBOX07,0,703,Essence Key Stone,1,0,0,0,0,1,--------,0,0,0,0
0310,mp6531m,Sanctuary Crypt - Chamber of Clairvoyance (Past),Entrance,TBOX01,0,670,Energy Fragment,50,0,0,0,0,1,--------,0,0,0,0
0311,mp6531m,Sanctuary Crypt - Chamber of Clairvoyance (Past),Entrance,TBOX02,0,670,Energy Fragment,50,0,0,0,0,1,--------,0,0,0,0
0312,mp6531m,Sanctuary Crypt - Chamber of Clairvoyance (Past),Entrance,TBOX03,0,508,Medicine,1,0,0,0,0,1,--------,0,0,0,0
0313,mp6531m,Sanctuary Crypt - Chamber of Clairvoyance (Past),Entrance,TBOX04,0,670,Energy Fragment,150,0,0,0,0,1,--------,0,0,0,0
0314,mp6531m,Sanctuary Crypt - Chamber of Clairvoyance (Past),Entrance,TBOX05,0,509,Full Medicine,1,0,0,0,0,1,--------,0,0,0,0
0315,mp6531m,Sanctuary Crypt - Chamber of Clairvoyance (Past),Entrance,TBOX06,0,519,Remedy,3,0,0,0,0,1,--------,0,0,0,0
0316,mp6531m,Sanctuary Crypt - Chamber of Clairvoyance (Past),Entrance,TBOX07,0,670,Energy Fragment,50,0,0,0,0,1,--------,0,0,0,0
0317,mp6531m,Sanctuary Crypt - Chamber of Clairvoyance (Past),Entrance,TBOX08,0,731,Nature Talisman,1,0,0,0,0,1,mp6531m:EvOpenTBox,0,0,0,0
0318,mp6531m,Sanctuary Crypt - Chamber of Clairvoyance (Past),Entrance,TBOX09,0,670,Energy Fragment,50,0,0,0,0,1,--------,0,0,0,0
0319,mp6531m,Sanctuary Crypt - Chamber of Clairvoyance (Past),Entrance,TBOX10,0,509,Full Medicine,1,0,0,0,0,1,--------,0,0,0,0
0320,mp6532,Former Sanctuary Crypt - B3,Floating Block Puzzle,TBOX01,0,476,Prismatic Jewel,1,1,0,0,0,1,--------,0,0,0,0
0321,mp6532,Former Sanctuary Crypt - B3,Floating Block Puzzle,TBOX02,0,703,Essence Key Stone,1,0,0,0,0,1,--------,0,0,0,0
0322,mp6532,Former Sanctuary Crypt - B3,Floating Block Puzzle,TBOX03,0,703,Essence Key Stone,1,0,0,0,0,1,--------,0,0,0,0
0323,mp6532m,Sanctuary Crypt - Chamber of Clairvoyance (Past),Floating Block Puzzle,TBOX01,0,517,Antiparalytic,3,0,0,0,0,1,--------,0,0,0,0
0324,mp6532m,Sanctuary Crypt - Chamber of Clairvoyance (Past),Floating Block Puzzle,TBOX02,0,297,Thunder Gauntlets,1,0,0,0,0,1,--------,0,0,0,0
0325,mp6532m,Sanctuary Crypt - Chamber of Clairvoyance (Past),Floating Block Puzzle,TBOX03,0,519,Remedy,3,0,0,0,0,1,--------,0,0,0,0
0326,mp6532m,Sanctuary Crypt - Chamber of Clairvoyance (Past),Floating Block Puzzle,TBOX04,0,720,Battle Armlet,1,0,1,0,0,1,--------,0,0,0,0
0327,mp6532m,Sanctuary Crypt - Chamber of Clairvoyance (Past),Floating Block Puzzle,TBOX05,0,518,Burn Medicine,3,0,0,0,0,1,--------,0,0,0,0
0328,mp6532m,Sanctuary Crypt - Chamber of Clairvoyance (Past),Floating Block Puzzle,TBOX06,0,726,Fairy Cape,1,0,0,0,0,1,--------,0,0,0,0
0329,mp6539,Former Sanctuary Crypt - B3,Boss Arena,TBOX01,0,543,Luminous Ring,1,0,0,0,0,1,--------,0,0,0,0
0330,mp6539m,Sanctuary Crypt - Chamber of Clairvoyance (Past),Boss Arena,TBOX01,0,548,Stone of Anitquity,1,0,0,0,0,1,--------,0,0,0,0
0331,mp6541,Former Sanctuary Crypt - B4,Entrance,TBOX01,0,538,Dragon Tree Treasure,1,0,0,0,0,1,--------,0,0,0,0
0332,mp6541,Former Sanctuary Crypt - B4,Entrance,TBOX02,0,514,Burn Medicine,3,0,0,0,0,1,--------,0,0,0,0
0333,mp6541,Former Sanctuary Crypt - B4,Entrance,TBOX03,0,703,Essence Key Stone,1,0,0,0,0,1,--------,0,0,0,0
0334,mp6541,Former Sanctuary Crypt - B4,Entrance,TBOX04,0,497,Rivera's Immortal Flower,3,0,0,0,0,1,--------,0,0,0,0
0335,mp6541m,Sanctuary Crypt - Chamber of Frost (Past),Entrance,TBOX01,0,670,Energy Fragment,50,0,0,0,0,1,--------,0,0,0,0
0336,mp6541m,Sanctuary Crypt - Chamber of Frost (Past),Entrance,TBOX02,0,509,Full Medicine,1,0,0,0,0,1,--------,0,0,0,0
0337,mp6542,Former Sanctuary Crypt - B4,Frozen Statue Room,TBOX01,0,524,Defense Elixir,1,0,0,0,0,1,--------,0,0,0,0
0338,mp6542,Former Sanctuary Crypt - B4,Frozen Statue Room,TBOX02,0,499,Aura Grass,2,0,0,0,0,1,--------,0,0,0,0
0339,mp6542,Former Sanctuary Crypt - B4,Frozen Statue Room,TBOX03,0,476,Prismatic Jewel,1,1,0,0,0,1,--------,0,0,0,0
0340,mp6542,Former Sanctuary Crypt - B4,Frozen Statue Room,TBOX04,0,703,Essence Key Stone,1,0,0,0,0,1,--------,0,0,0,0
0341,mp6542m,Sanctuary Crypt - Chamber of Frost (Past),Frozen Statue Room,TBOX01,0,729,Stone Crown,1,0,0,0,0,1,--------,0,0,0,0
0342,mp6542m,Sanctuary Crypt - Chamber of Frost (Past),Frozen Statue Room,TBOX02,0,670,Energy Fragment,50,0,0,0,0,1,--------,0,0,0,0
0343,mp6542m,Sanctuary Crypt - Chamber of Frost (Past),Frozen Statue Room,TBOX03,0,619,Life Elixir,1,0,0,0,0,1,--------,0,0,0,0
0344,mp6549,Former Sanctuary Crypt - B4,Boss Arena,TBOX01,0,545,Wings of Heavenly Light,1,0,0,0,0,1,--------,0,0,0,0
0345,mp6549m,Sanctuary Crypt - Chamber of Frost (Past),Boss Arena,TBOX01,0,549,Garment of Many Tongues,1,0,0,0,0,1,--------,0,0,0,0
0346,mp6551,Former Sanctuary Crypt - B5,Entrance,TBOX01,0,523,Strength Elixir,3,0,0,0,0,1,--------,0,0,0,0
0347,mp6551,Former Sanctuary Crypt - B5,Entrance,TBOX02,0,525,Life Elixir,3,0,0,0,0,1,--------,0,0,0,0
0348,mp6551,Former Sanctuary Crypt - B5,Entrance,TBOX03,0,499,Aura Grass,1,0,0,0,0,1,--------,0,0,0,0
0349,mp6551m,Sanctuary Crypt - Chamber of Magma (Past),Entrance,TBOX01,0,670,Energy Fragment,100,0,0,0,0,1,--------,0,0,0,0
0350,mp6551m,Sanctuary Crypt - Chamber of Magma (Past),Entrance,TBOX02,0,508,Medicine,1,0,0,0,0,1,--------,0,0,0,0
0351,mp6552,Former Sanctuary Crypt - B5,Eastern Hall,TBOX01,0,476,Prismatic Jewel,1,1,0,0,0,1,--------,0,0,0,0
0352,mp6552m,Sanctuary Crypt - Chamber of Magma (Past),Eastern Hall,TBOX01,0,618,Defense Elixir,1,0,0,0,0,1,--------,0,0,0,0
0353,mp6552m,Sanctuary Crypt - Chamber of Magma (Past),Eastern Hall,TBOX02,0,670,Energy Fragment,100,0,0,0,0,1,--------,0,0,0,0
0354,mp6552m,Sanctuary Crypt - Chamber of Magma (Past),Eastern Hall,TBOX03,0,617,Strength Elixir,1,0,0,0,0,1,--------,0,0,0,0
0355,mp6553m,Sanctuary Crypt - Chamber of Magma (Past),Central Chamber North of Entrance,TBOX01,0,670,Energy Fragment,100,0,0,0,0,1,--------,0,0,0,0
0356,mp6553m,Sanctuary Crypt - Chamber of Magma (Past),Central Chamber North of Entrance,TBOX02,0,619,Life Elixir,1,0,0,0,0,1,--------,0,0,0,0
0357,mp6554,Former Sanctuary Crypt - B5,Western Hall,TBOX01,0,197,Wanderer Cloak,1,0,0,0,0,1,--------,0,0,0,0
0358,mp6554,Former Sanctuary Crypt - B5,Western Hall,TBOX02,0,524,Defense Elixir,3,0,0,0,0,1,mp6554:EvOpenTBox,0,0,0,0
0359,mp6554,Former Sanctuary Crypt - B5,Western Hall,TBOX03,0,499,Aura Grass,3,0,0,0,0,1,--------,0,0,0,0
0360,mp6554,Former Sanctuary Crypt - B5,Western Hall,TBOX04,0,215,Prominent Cloak,1,0,0,0,0,1,--------,0,0,0,0
0361,mp6554m,Sanctuary Crypt - Chamber of Magma (Past),Western Hall,TBOX01,0,618,Defense Elixir,1,0,0,0,0,1,--------,0,0,0,0
0362,mp6554m,Sanctuary Crypt - Chamber of Magma (Past),Western Hall,TBOX02,0,617,Strength Elixir,1,0,0,0,0,1,--------,0,0,0,0
0363,mp6554m,Sanctuary Crypt - Chamber of Magma (Past),Western Hall,TBOX03,0,509,Full Medicine,1,0,0,0,0,1,--------,0,0,0,0
0364,mp6555,Former Sanctuary Crypt - B5,Large Stairwell,TBOX01,0,536,Ripe Coconut,3,0,0,0,0,1,--------,0,0,0,0
0365,mp6555,Former Sanctuary Crypt - B5,Large Stairwell,TBOX02,0,516,Remedy,3,0,0,0,0,1,--------,0,0,0,0
0366,mp6559,Former Sanctuary Crypt - B5,Boss Arena,TBOX01,0,549,Garment of Many Tongues,1,0,0,0,0,1,--------,0,0,0,0
0367,mp6559m,Sanctuary Crypt - Chamber of Magma (Past),Boss Arena,TBOX01,0,293,Eternal Gauntlets,1,0,0,0,0,1,--------,0,0,0,0
0368,mp6559m,Sanctuary Crypt - Chamber of Magma (Past),Boss Arena,TBOX04,0,730,Blue Wind Staff,1,0,0,0,0,1,--------,0,0,0,0
0369,mp6561,Former Sanctuary Crypt - B6,Big Staircase,TBOX01,0,499,Aura Grass,3,0,0,0,0,1,--------,0,0,0,0
0370,mp6561,Former Sanctuary Crypt - B6,Big Staircase,TBOX02,0,499,Aura Grass,3,0,0,0,0,1,--------,0,0,0,0
0371,mp6561,Former Sanctuary Crypt - B6,Big Staircase,TBOX03,0,476,Prismatic Jewel,5,1,0,0,0,1,--------,0,0,0,0
0372,mp6561,Former Sanctuary Crypt - B6,Big Staircase,TBOX04,0,293,Eternal Gauntlets,1,0,0,0,0,1,mp6561:EvOpenTBox,0,0,0,0
0373,mp6561m,Sanctuary Crypt - Chamber of the Final Trial (Past),Big Staircase,TBOX01,0,509,Full Medicine,1,0,0,0,0,1,--------,0,0,0,0
0374,mp6561m,Sanctuary Crypt - Chamber of the Final Trial (Past),Big Staircase,TBOX02,0,518,Burn Medicine,3,0,0,0,0,1,--------,0,0,0,0
0375,mp6561m,Sanctuary Crypt - Chamber of the Final Trial (Past),Big Staircase,TBOX03,0,670,Energy Fragment,100,0,0,0,0,1,--------,0,0,0,0
0376,mp6561m,Sanctuary Crypt - Chamber of the Final Trial (Past),Big Staircase,TBOX04,0,519,Remedy,3,0,0,0,0,1,--------,0,0,0,0
0377,mp7101,Mountain Pinnacle Trail,First Cave,TBOX01,0,628,Bait,5,0,0,0,0,1,--------,0,0,0,0
0378,mp7302,Waterdrop Cave,Dilapidated Living Space,TBOX02,0,243,Leather Armor,2,0,0,0,0,1,--------,0,0,0,0
0379,mp7302,Waterdrop Cave,Dilapidated Living Space,TBOX03,0,500,Heal Potion,1,0,0,0,0,1,--------,0,0,0,0
0380,mp7303,Waterdrop Cave,Before Boss Arena,TBOX02,0,531,Coconut,2,0,0,0,0,1,--------,0,0,0,0
0381,mp7411,East Coast Cave,East Coast Cave,TBOX01,0,770,Logbook 1,1,1,0,0,0,1,--------,0,0,0,0
0382,mp7411,East Coast Cave,East Coast Cave,TBOX02,0,268,Tektite Shield,1,0,0,0,0,1,--------,0,0,0,0
0383,mp7411,East Coast Cave,East Coast Cave,TBOX03,0,537,Ripe Mango,1,0,0,0,0,1,--------,0,0,0,0
0384,mp7451,Headwater Falls,Headwater Falls,TBOX01,0,177,Warrior's Seal II,1,0,0,0,0,1,--------,0,0,0,0
0385,mp7451,Headwater Falls,Headwater Falls,TBOX02,0,420,Sword Tip Fang,3,0,0,0,0,1,--------,0,0,0,0
0386,mp7451,Headwater Falls,Headwater Falls,TBOX03,0,421,Razor Feather,3,0,0,0,0,1,--------,0,0,0,0
0387,mp7451,Headwater Falls,Headwater Falls,TBOX04,0,422,Accursed Shell,3,0,0,0,0,1,--------,0,0,0,0
0388,mp7451,Headwater Falls,Headwater Falls,TBOX05,0,423,Lustrous Scale,3,0,0,0,0,1,--------,0,0,0,0
0389,mp7461,Underground Water Vein,Submerged Area,TBOX01,0,288,Abyssal Gauntlet,1,0,0,0,0,1,--------,0,0,0,0
0390,mp7461,Underground Water Vein,Submerged Area,TBOX02,0,577,Recipe Book/Luxury Coleslaw,1,1,0,0,0,1,--------,0,0,0,0
0391,mp7461,Underground Water Vein,Submerged Area,TBOX03,0,328,Essence Stone,3,0,0,0,0,1,--------,0,0,0,0
0392,mp7471,Waterfall Grotto,Waterfall Grotto,TBOX01,0,500,Heal Potion,1,0,0,0,0,1,--------,0,0,0,0
0393,mp7471,Waterfall Grotto,Waterfall Grotto,TBOX02,0,182,Blue Cape,1,0,0,0,0,1,--------,0,0,0,0
0394,mp7481,The Submerged Cemetery,The Submerged Cemetery,TBOX01,0,694,Hide Formula,1,0,0,0,0,1,--------,0,0,0,0
0395,mp7481,The Submerged Cemetery,The Submerged Cemetery,TBOX02,0,463,Acidic Liquid,1,0,0,0,0,1,--------,0,0,0,0
0396,mp7491,Stone Pillar Wind Cave,Stone Pillar Wind Cave,TBOX01,0,522,Hermit's Elixir,1,0,0,0,0,1,--------,0,0,0,0
0397,mp7491,Stone Pillar Wind Cave,Stone Pillar Wind Cave,TBOX02,0,537,Ripe Mango,1,0,0,0,0,1,--------,0,0,0,0
0398,mp7491,Stone Pillar Wind Cave,Stone Pillar Wind Cave,TBOX03,0,524,Defense Elixir,1,0,0,0,0,1,--------,0,0,0,0
0399,mp7491,Stone Pillar Wind Cave,Stone Pillar Wind Cave,TBOX04,0,212,Saint's Ring,1,0,1,0,0,1,--------,0,0,0,0
0400,mp7491,Stone Pillar Wind Cave,Stone Pillar Wind Cave,TBOX05,0,575,Recipe Book/Fish Fry,1,1,0,0,0,1,--------,0,0,0,0
0401,mp1101,Nameless Coast,North of Castaway Village (Where Adol Meets Laxia),Laxia Join,1,-1,Laxia,1,1,0,1,1,0,--------,0,0,0,0
0402,mp7305,Waterdrop Cave,Coastal Outlook,Captain Barbaros Join,1,-1,Captain Barbaros,1,1,0,0,1,0,--------,0,0,0,0
0403,mp1201,Calm Inlet,Calm Inlet (Castaway Village Area),Little Paro Join,1,-1,Little Paro,1,1,0,0,1,0,--------,0,0,0,0
0404,mp1103,Nameless Coast,First Avalodragil Arena,Sahad Join,1,-1,Sahad,1,1,0,1,1,0,--------,0,0,0,0
0405,mp1201,Calm Inlet,Calm Inlet (Castaway Village Area),Dogi Join,1,-1,Dogi,1,1,0,0,1,0,--------,0,0,0,0
0406,mp1133,White Sand Cape,Alison's Shore,Alison Join,1,-1,Alison,1,1,0,0,1,0,--------,0,0,0,0
0407,mp1305,Towering Coral Forest,Midpoint,Sir Carlan Join,1,-1,Sir Carlan,1,1,0,0,1,0,--------,0,0,0,0
0408,mp1305,Towering Coral Forest,Midpoint,Kiergaard Join,1,-1,Kiergaard,1,1,0,0,1,0,--------,0,0,0,0
0409,mp1117,Roaring Seashore,Metavolicalis,Kathleen Join,1,778,Flame Stone,1,1,0,0,1,0,--------,0,0,0,0
0410,mp7471,Waterfall Grotto,Waterfall Grotto,Sister Nia Join,1,-1,Sister Nia,1,1,0,0,1,0,--------,0,0,0,0
0411,mp1108,Beast Hills,Valley (Where Hummel Joins),Hummel Join,1,-1,Hummel,1,1,0,1,1,0,--------,0,0,0,0
0412,mp1119,Sunrise Beach,Sunrise Beach,Dina Join,1,-1,Dina,1,1,0,0,1,0,--------,0,0,0,0
0413,mp1114,Longhorn Coast,Reja Shore,Reja Join,1,-1,Reja,1,1,0,0,1,0,--------,0,0,0,0
0414,mp2301,Schlamm Jungle,Entrance,Euron Join,1,-1,Euron,1,1,0,0,1,0,--------,0,0,0,0
0415,mp1118,Odd Rock Coast,Odd Rock Coast,Licht Join,1,-1,Licht,1,1,0,0,1,0,--------,0,0,0,0
0416,mp1118,Odd Rock Coast,Odd Rock Coast,Quina Join,1,-1,Quina,1,1,0,0,1,0,--------,0,0,0,0
0417,mp4337,Mont Gendarme,Mid-Boss Arena,Ricotta Join,1,-1,Ricotta,1,1,0,1,1,0,--------,0,0,0,0
0418,mp3107,Western Foot of Gendarme,Near Cavern of the Ancient King,Austin Join,1,-1,Austin,1,1,0,0,1,0,--------,0,0,0,0
0419,mp2106,Water and Wood Hills,Water and Wood Hills - Camp,Miralda Join,1,-1,Miralda,1,1,0,0,1,0,--------,0,0,0,0
0420,mp6409,Temple of the Great Tree,Great Tree Garden,Thanatos Join,1,-1,Thanatos,1,1,0,0,1,0,--------,0,0,0,0
0421,mp6116,Pangaia Plains,Northern Plains,Silvia Join,1,-1,Silvia,1,1,0,0,1,0,--------,0,0,0,0
0422,mp6409,Temple of the Great Tree,Great Tree Garden,Dana Join,1,-1,Dana,1,1,0,1,1,0,--------,0,0,0,0
0423,mp6104,Towal Highway,Baja Tower Approach,Katthew Join,1,-1,Katthew,1,1,0,0,1,0,--------,0,0,0,0
0424,mp1116,Nostalgia Cape,Nostalgia Cape,Ed Join,1,-1,Ed,1,1,0,0,1,0,--------,0,0,0,0
0425,mp4110,Vista Ridge,Vista Ridge Upper,Franz Join,1,-1,Franz,1,1,0,0,1,0,--------,0,0,0,0
0426,mp1201,Calm Inlet,Ricotta and Shoebill Reunite,Shoebill Join,1,-1,Shoebill,1,1,0,0,1,0,--------,0,0,0,0
0427,mp6109,Eternal Hill,Eternal Hill,Griselda Join,1,-1,Griselda,1,1,0,0,1,0,--------,0,0,0,0
0428,mp5104,Vista Ridge,Vista Ridge Lower,Master Kong Join,1,-1,Master Kong,1,1,0,0,1,0,--------,0,0,0,0
0429,mp0011,Lombardia,Opening Cutscene,Adol Join,1,-1,Adol,1,1,0,1,1,0,--------,0,0,0,0
0430,mp1303,Towering Coral Forest,After Mid-Boss,Corpse,1,737,Grip Gloves,1,1,0,0,0,1,--------,0,0,0,0
0431,mp7401,Cavern of the Ancient King,Cavern of the Ancient King,Cave Wall,1,778,Flame Stone,1,1,0,0,0,1,--------,0,0,0,0
0432,mp6350,Valley of Kings,Seren Garden,Mistilteinn Event,1,9,Mistilteinn,1,0,1,0,0,1,--------,0,0,0,0
0433,mp6409,Temple of the Great Tree,Great Tree Garden,Dana Join Event Flame Stone,1,778,Flame Stone,1,1,0,0,0,1,--------,0,0,0,0
0434,mp0405,Pirate Ship Eleftheria,Deck,Kill Boss,1,778,Flame Stone,1,1,0,0,0,1,--------,0,0,0,0
0435,mp4309,Eroded Valley,Boss Arena,Kill Boss,1,778,Flame Stone,1,1,0,0,0,1,--------,0,0,0,0
0436,mp6349,Valley of Kings,Boss Arena,Kill Boss,1,778,Flame Stone,1,1,0,0,0,1,--------,0,0,0,0
0437,mp6370,Archeozoic Chasm,Boss Arena,Kill Boss,1,778,Flame Stone,1,1,0,0,0,1,--------,0,0,0,0
0438,mp6310,Octus Overlook,Selection Sphere,Goal,1,-1,End the Lacrimosa,1,1,0,0,0,1,--------,0,0,0,0
0439,mp6402,Temple of the Great Tree,Dana's Room,Blue Score Location,1,702,Golden Seal of Piercing Light,1,1,0,0,0,1,--------,0,0,0,0
0440,mp6330,Baja Tower,Top Floor,Monolith Scene,1,699,Frozen Flower,1,1,0,0,0,1,--------,0,0,0,0
0441,mp1122,Solitude Island,Magna Carpa,Second Carlan Join,1,701,Green Seal of Roaring Stone,1,1,0,0,0,1,--------,0,0,0,0
0442,mp7461,Underground Water Vein,Submerged Area,Pikkard,1,796,Treasure Chest Key,1,1,0,0,0,1,--------,0,0,0,0
0443,mp4336,Mont Gendarme,Cliffside Midpoint,Wish Tree,1,700,Blue Seal of Whirling Water,1,1,0,0,0,1,--------,0,0,0,0
0444,mp1114,Longhorn Coast,Reja Shore,Pirate Treasure,1,698,Maiden Journal,1,1,0,0,0,1,--------,0,0,0,0
0445,mp6114,Lodinia Marshland,Exit to Valley of Kings,Fermented Sap,1,727,Shrine Maiden Amulet,1,1,0,0,0,1,--------,0,0,0,0
0446,mp1201,Calm Inlet,Intercept,Stage 2,1,532,Mango,2,0,0,0,0,1,--------,0,0,0,0
0447,mp1201,Calm Inlet,Intercept,Stage 3,1,200,Eagle Feather,1,0,1,0,0,1,--------,0,0,0,0
0448,mp1201,Calm Inlet,Intercept,Stage 5,1,266,Soft Leather Gloves,1,0,0,0,0,1,--------,0,0,0,0
0449,mp1201,Calm Inlet,Intercept,Stage 7,1,538,Dragon Tree Treasure,3,0,0,0,0,1,--------,0,0,0,0
0450,mp1201,Calm Inlet,Intercept,Stage 9,1,272,Crimson Bracelet,1,0,0,0,0,1,--------,0,0,0,0
0451,mp1201,Calm Inlet,Map Completion,Percent 10,1,500,Heal Potion,1,0,0,0,0,1,--------,0,0,0,0
0452,mp1201,Calm Inlet,Map Completion,Percent 20,1,255,Gauntlet,1,0,0,0,0,1,--------,0,0,0,0
0453,mp1201,Calm Inlet,Map Completion,Percent 30,1,192,Athlete's Ring,1,0,1,0,0,1,--------,0,0,0,0
0454,mp1201,Calm Inlet,Map Completion,Percent 40,1,526,Spirit Elixir,1,0,1,0,0,1,--------,0,0,0,0
0455,mp1201,Calm Inlet,Map Completion,Percent 50,1,735,Gale Feather,1,0,1,0,0,1,--------,0,0,0,0
0456,mp1201,Calm Inlet,Map Completion,Percent 60,1,592,Mountain Guide,1,0,1,0,0,1,--------,0,0,0,0
0457,mp1201,Calm Inlet,Map Completion,Percent 70,1,501,Full Potion,1,0,0,0,0,1,--------,0,0,0,0
0458,mp1201,Calm Inlet,Map Completion,Percent 80,1,526,Spirit Elixir,1,0,1,0,0,1,--------,0,0,0,0
0459,mp1201,Calm Inlet,Map Completion,Percent 90,1,213,Spirit Necklace,1,0,0,0,0,1,--------,0,0,0,0
0460,mp1201,Calm Inlet,Map Completion,Percent 100,1,743,Ares Seal,1,0,1,0,0,1,--------,0,0,0,0
0461,mp1201,Calm Inlet,Jewel Trade,Item 1,1,628,Bait,5,0,0,0,0,1,--------,0,0,0,0
0462,mp1201,Calm Inlet,Jewel Trade,Item 2,1,436,Large Pearl,3,0,0,0,0,1,--------,0,0,0,0
0463,mp1201,Calm Inlet,Jewel Trade,Item 3,1,504,Great Tree Drop,1,0,1,0,0,1,--------,0,0,0,0
0464,mp1201,Calm Inlet,Jewel Trade,Item 4,1,213,Spirit Necklace,1,0,1,0,0,1,--------,0,0,0,0
0465,mp1201,Calm Inlet,Jewel Trade,Item 5,1,527,Tempest Elixir,1,0,0,0,0,1,--------,0,0,0,0
0466,mp1201,Calm Inlet,Jewel Trade,Past Item 1,1,546,Wheel of Eternity,1,0,0,0,0,1,--------,0,0,0,0
0467,mp1201,Calm Inlet,Jewel Trade,Past Item 2,1,547,Crown of Creation,1,0,1,0,0,1,--------,0,0,0,0
0468,mp1201,Calm Inlet,Jewel Trade,Past Item 3,1,548,Stone of Anitquity,1,0,1,0,0,1,--------,0,0,0,0
0469,mp1201,Calm Inlet,Jewel Trade,Past Item 4,1,549,Garment of Many Tongues,1,0,1,0,0,1,--------,0,0,0,0
0470,mp1201,Calm Inlet,Jewel Trade,Past Item 5,1,293,Eternal Gauntlets,1,0,1,0,0,1,--------,0,0,0,0
0471,mp1201,Calm Inlet,Calm Inlet (Castaway Village Area),Fishing Tutorial,1,629,Fishing Rod,1,1,0,0,0,1,--------,0,0,0,0
0472,mp1201,Calm Inlet,Fish Trade,Fish 4,1,159,Shield Earring,1,0,0,0,0,1,--------,0,0,0,0
0473,mp1201,Calm Inlet,Fish Trade,Fish 8,1,526,Spirit Elixir,1,0,1,0,0,1,--------,0,0,0,0
0474,mp1201,Calm Inlet,Fish Trade,Fish 12,1,591,Ocean Guide,1,0,1,0,0,1,--------,0,0,0,0
0475,mp1201,Calm Inlet,Fish Trade,Fish 16,1,691,Bitter Formula,1,0,1,0,0,1,--------,0,0,0,0
0476,mp1201,Calm Inlet,Fish Trade,Fish 20,1,504,Great Tree Drop,1,0,1,0,0,1,--------,0,0,0,0
0477,mp1201,Calm Inlet,Fish Trade,Fish 24,1,209,Ocean Hogeki,1,0,1,0,0,1,--------,0,0,0,0
0478,mp1201,Calm Inlet,Discovery Rewards,Half,1,745,Eagle Eye Orb,1,1,0,0,0,1,--------,0,0,0,0
0479,mp1201,Calm Inlet,Discovery Rewards,All,1,695,Strength Formula,1,0,1,0,0,1,--------,0,0,0,0
0480,mp4337,Mont Gendarme,Mishy Rewards,Food 2,1,535,Ripe Crudberry,3,0,0,0,0,1,--------,0,0,0,0
0481,mp4337,Mont Gendarme,Mishy Rewards,Food 4,1,536,Ripe Coconut,3,0,0,0,0,1,--------,0,0,0,0
0482,mp4337,Mont Gendarme,Mishy Rewards,Food 6,1,744,Aeolus Urn,1,0,1,0,0,1,--------,0,0,0,0
0483,mp4337,Mont Gendarme,Mishy Rewards,Food 8,1,537,Ripe Mango,3,0,0,0,0,1,--------,0,0,0,0
0484,mp4337,Mont Gendarme,Mishy Rewards,Food 10,1,538,Dragon Tree Treasure,3,0,0,0,0,1,--------,0,0,0,0
0485,mp4337,Mont Gendarme,Mishy Rewards,Food 12,1,210,Earth Orb,1,0,1,0,0,1,--------,0,0,0,0
0486,none,none,none,none,0,570,Recipe Book/Hearty Ratatouille,1,1,0,0,0,1,--------,0,0,0,0
0487,none,none,none,none,0,572,Recipe Book/Seafood Quiche,1,1,0,0,0,1,--------,0,0,0,0
0488,none,none,none,none,0,573,Recipe Book/Cabbage Rolls ,1,1,0,0,0,1,--------,0,0,0,0
0489,none,none,none,none,0,574,Recipe Book/Meat-Wrapped Mushrooms,1,1,0,0,0,1,--------,0,0,0,0
0490,none,none,none,none,0,578,Recipe Book/Heartfelt Bolognese,1,1,0,0,0,1,--------,0,0,0,0
0491,none,none,none,none,0,579,Recipe Book/Great Pumpkin Pie,1,1,0,0,0,1,--------,0,0,0,0
0492,none,none,none,none,0,507,Dynastic Water,1,0,1,0,0,1,--------,0,0,0,0
0493,mp7303,Waterdrop Cave,Before Boss Arena,Corpse,1,503,Revive Medicine,1,0,0,0,0,1,--------,0,0,0,0
0494,mp4308,Eroded Valley,End,Corpse,1,752,Pirate Memo B,1,0,0,0,0,1,--------,0,0,0,0
0495,mp4305,Eroded Valley,Midpoint,Corpse,1,751,Pirate Memo A,1,0,0,0,0,1,--------,0,0,0,0
0496,mp4301,Eroded Valley,Entrance,Corpse,1,750,Pirate's Notes,1,0,0,0,0,1,--------,0,0,0,0
0497,mp2303,Schlamm Jungle,Midpoint,Corpse,1,753,Pirate Memo C,1,0,0,0,0,1,--------,0,0,0,0
0498,mp1115,Longhorn Coast,Eastern Shore,Corpse,1,754,Pirate Memo D,1,0,0,0,0,1,--------,0,0,0,0
0499,mp0408,Pirate Ship Eleftheria,Stairwell,Corpse,1,755,Pirate's Memo E,1,0,0,0,0,1,--------,0,0,0,0
0500,none,none,none,none,0,476,Prismatic Jewel,1,1,0,0,0,1,--------,0,0,0,0
0501,none,none,none,none,0,476,Prismatic Jewel,1,1,0,0,0,1,--------,0,0,0,0
0502,none,none,none,none,0,476,Prismatic Jewel,2,1,0,0,0,1,--------,0,0,0,0
0503,none,none,none,none,0,476,Prismatic Jewel,5,1,0,0,0,1,--------,0,0,0,0
0504,none,none,none,none,0,476,Prismatic Jewel,5,1,0,0,0,1,--------,0,0,0,0
0505,none,none,none,none,0,476,Prismatic Jewel,1,1,0,0,0,1,--------,0,0,0,0
0506,none,none,none,none,0,476,Prismatic Jewel,1,1,0,0,0,1,--------,0,0,0,0
0507,none,none,none,none,0,476,Prismatic Jewel,2,1,0,0,0,1,--------,0,0,0,0
0508,none,none,none,none,0,476,Prismatic Jewel,2,1,0,0,0,1,--------,0,0,0,0
0509,none,none,none,none,0,476,Prismatic Jewel,3,1,0,0,0,1,--------,0,0,0,0
0510,mp1115,Longhorn Coast,Eastern Shore,Reja's Pikkard,1,610,Eggplant Seed,1,0,0,0,0,1,--------,0,0,0,0
0511,mp6204,The Ruins of Eternia,Palace Ruins,Ship Blueprints,1,779,Ship Blueprints,1,1,0,0,0,1,--------,0,0,0,0
0512,mp0405,Pirate Ship Eleftheria,Deck,Seiren Chart,1,795,Seiren Nautical Chart,1,0,0,0,0,1,--------,0,0,0,0
0513,mp1116,Nostalgia Cape,Nostalgia Cape,Driftage,1,801,Romun Badge,1,0,0,0,0,1,--------,0,0,0,0
0514,mp1122,Solitude Island,Magna Carpa,Driftage,1,813,Engraved Pen,1,0,0,0,0,1,--------,0,0,0,0
0515,mp0402,Pirate Ship Eleftheria,Hold,Corpse,1,818,Iron Knuckle,1,0,0,0,0,1,--------,0,0,0,0
0516,mp6370,Archeozoic Chasm,Boss Arena,Driftage,1,804,Ship Nameplate,1,0,0,0,0,1,--------,0,0,0,0
0517,mp7461,Underground Water Vein,Submerged Area,Driftage,1,829,Old Stethoscope,1,0,0,0,0,1,--------,0,0,0,0
0518,none,none,none,none,0,13,Spirit Ring Celesdia,1,0,1,0,0,1,--------,0,0,0,0
0519,none,none,none,none,0,720,Battle Armlet,1,0,1,0,0,1,--------,0,0,0,0
0520,startingSkill,Adol Starting Skill,Skill 1,Sonic Slide,1,-1,SKILL_ADOL_SP_C1,1,0,1,0,0,0,--------,1,0,0,0
0521,startingSkill,Adol Starting Skill,Skill 2,Arc Shot,1,-1,SKILL_ADOL_SP_C2,1,0,1,0,0,0,--------,1,0,0,0
0522,startingSkill,Laxia Starting Skill,Skill 1,Dagger Fling,1,-1,SKILL_LAXIA_SP_C1,1,0,1,0,0,0,--------,1,0,0,0
0523,startingSkill,Laxia Starting Skill,Skill 2,Wake Up!,1,-1,SKILL_LAXIA_SP_C2,1,0,1,0,0,0,--------,1,0,0,0
0524,startingSkill,Sahad Starting Skill,Skill 1,High Wave,1,-1,SKILL_SAHAD_SP_C1,1,0,1,0,0,0,--------,1,0,0,0
0525,startingSkill,Sahad Starting Skill,Skill 2,Grand Anchor,1,-1,SKILL_SAHAD_SP_C2,1,0,1,0,0,0,--------,1,0,0,0
0526,startingSkill,Hummel Starting Skill,Skill 1,Burst Shot,1,-1,SKILL_HUMMEL_SP_C1,1,0,1,0,0,0,--------,1,0,0,0
0527,startingSkill,Hummel Starting Skill,Skill 2,Venomous Bullet,1,-1,SKILL_HUMMEL_SP_C2,1,0,1,0,0,0,--------,1,0,0,0
0528,startingSkill,Ricotta Starting Skill,Skill 1,Wild Spin,1,-1,SKILL_RICOTTA_SP_C1,1,0,1,0,0,0,--------,1,0,0,0
0529,startingSkill,Ricotta Starting Skill,Skill 2,Handmade Trap,1,-1,SKILL_RICOTTA_SP_C2,1,0,1,0,0,0,--------,1,0,0,0
0530,startingSkill,Dana Starting Skill,Skill 1,Twin Edge,1,-1,SKILL_DANA_SP_C1,1,0,1,0,0,0,--------,1,0,0,0
0531,startingSkill,Dana Starting Skill,Skill 2,Sonic Rise,1,-1,SKILL_DANA_SP_C2,1,0,1,0,0,0,--------,1,0,0,0
0532,mp6413,Silent Tower,Second Basement,Mephorash Skill,1,-1,SKILL_DANA_SP_C4,1,0,1,0,0,0,--------,1,0,0,0
0533,mp6569,Former Sanctuary Crypt - Final Floor,Boss Arena,Melaiduma Skill,1,-1,SKILL_ADOL_SP_B1,1,0,1,0,0,0,--------,1,0,0,0
0534,mp6308,Octus Overlook,Path of the Sky Era,Psyche-Ura Skill 1,1,-1,SKILL_DANA_SP_A2,1,0,1,0,0,0,--------,1,0,0,0
0535,mp6308,Octus Overlook,Path of the Sky Era,Psyche-Ura Skill 2,1,-1,SKILL_DANA_SP_A3,1,0,1,0,0,0,--------,1,0,0,0
0536,mp6307,Octus Overlook,Path of the Insectoid Era,Psyche-Nestor Skill 1,1,-1,SKILL_HUMMEL_SP_A3,1,0,1,0,0,0,--------,1,0,0,0
0537,mp6307,Octus Overlook,Path of the Insectoid Era,Psyche-Nestor Skill 2,1,-1,SKILL_HUMMEL_SP_A2,1,0,1,0,0,0,--------,1,0,0,0
0538,mp6306,Octus Overlook,Path of the Frozen Era,Psyche-Minos Skill 1,1,-1,SKILL_SAHAD_SP_A3,1,0,1,0,0,0,--------,1,0,0,0
0539,mp6306,Octus Overlook,Path of the Frozen Era,Psyche-Minos Skill 2,1,-1,SKILL_SAHAD_SP_A2,1,0,1,0,0,0,--------,1,0,0,0
0540,mp6305,Octus Overlook,Path of the Ocean Era,Psyche-Hydra Skill 1,1,-1,SKILL_RICOTTA_SP_A3,1,0,1,0,0,0,--------,1,0,0,0
0541,mp6305,Octus Overlook,Path of the Ocean Era,Psyche-Hydra Skill 2,1,-1,SKILL_RICOTTA_SP_A1,1,0,1,0,0,0,--------,1,0,0,0
0542,mp1201,Calm Inlet,Calm Inlet (Castaway Village Area),Silvia Skill 1,1,-1,SKILL_LAXIA_SP_A2,1,0,1,0,0,0,--------,1,0,0,0
0543,mp1201,Calm Inlet,Calm Inlet (Castaway Village Area),Silvia Skill 2,1,-1,SKILL_LAXIA_SP_A3,1,0,1,0,0,0,--------,1,0,0,0
0544,mp6349,Valley of Kings,Boss Arena,Basileus Skill 1,1,-1,SKILL_DANA_SP_B5,1,0,1,0,0,0,--------,1,0,0,0
0545,mp6349,Valley of Kings,Boss Arena,Basileus Skill 2,1,-1,SKILL_ADOL_SP_A2,1,0,1,0,0,0,--------,1,0,0,0
0546,mp6345,Valley of Kings,Mid-Boss Arena,Doxa Griel Skill 1,1,-1,SKILL_RICOTTA_SP_B5,1,0,1,0,0,0,--------,1,0,0,0
0547,mp6345,Valley of Kings,Mid-Boss Arena,Doxa Griel Skill 2,1,-1,SKILL_SAHAD_SP_A1,1,0,1,0,0,0,--------,1,0,0,0
0548,mp6370,Archeozoic Chasm,Boss Arena,Oceanus Skill 1,1,-1,SKILL_HUMMEL_SP_A1,1,0,1,0,0,0,--------,1,0,0,0
0549,mp6370,Archeozoic Chasm,Boss Arena,Oceanus Skill 2,1,-1,SKILL_RICOTTA_SP_B4,1,0,1,0,0,0,--------,1,0,0,0
0550,mp6366,Archeozoic Chasm,Mid-Boss Arena,Coelacantos Skill 1,1,-1,SKILL_DANA_SP_B3,1,0,1,0,0,0,--------,1,0,0,0
0551,mp6366,Archeozoic Chasm,Mid-Boss Arena,Coelacantos Skill 2,1,-1,SKILL_SAHAD_SP_B5,1,0,1,0,0,0,--------,1,0,0,0
0552,mp0405,Pirate Ship Eleftheria,Deck,Pirate Revenant Skill 1,1,-1,SKILL_SAHAD_SP_B3,1,0,1,0,0,0,--------,1,0,0,0
0553,mp0405,Pirate Ship Eleftheria,Deck,Pirate Revenant Skill 2,1,-1,SKILL_SAHAD_SP_B4,1,0,1,0,0,0,--------,1,0,0,0
0554,mp6329,Baja Tower,Boss Arena,Carveros Skill 1,1,-1,SKILL_HUMMEL_SP_B3,1,0,1,0,0,0,--------,1,0,0,0
0555,mp6329,Baja Tower,Boss Arena,Carveros Skill 2,1,-1,SKILL_HUMMEL_SP_B4,1,0,1,0,0,0,--------,1,0,0,0
0556,mp6325,Baja Tower,Mid-Boss Arena,Exmetal Skill 1,1,-1,SKILL_RICOTTA_SP_B1,1,0,1,0,0,0,--------,1,0,0,0
0557,mp6325,Baja Tower,Mid-Boss Arena,Exmetal Skill 2,1,-1,SKILL_RICOTTA_SP_B2,1,0,1,0,0,0,--------,1,0,0,0
0558,mp6410,Temple of the Great Tree,Temple Boss Arena,Brachion Skill 1,1,-1,SKILL_ADOL_SP_A1,1,0,1,0,0,0,--------,1,0,0,0
0559,mp6410,Temple of the Great Tree,Temple Boss Arena,Brachion Skill 2,1,-1,SKILL_ADOL_SP_B5,1,0,1,0,0,0,--------,1,0,0,0
0560,mp4341,Mont Gendarme,Boss Arena,Giasburn Skill 1,1,-1,SKILL_LAXIA_SP_B5,1,0,1,0,0,0,--------,1,0,0,0
0561,mp4341,Mont Gendarme,Boss Arena,Giasburn Skill 2,1,-1,SKILL_LAXIA_SP_B4,1,0,1,0,0,0,--------,1,0,0,0
0562,mp4337,Mont Gendarme,Mid-Boss Arena,Avalodragil 2 Skill 1,1,-1,SKILL_RICOTTA_SP_C4,1,0,1,0,0,0,--------,1,0,0,0
0563,mp4337,Mont Gendarme,Mid-Boss Arena,Avalodragil 2 Skill 2,1,-1,SKILL_RICOTTA_SP_C3,1,0,1,0,0,0,--------,1,0,0,0
0564,mp1118,Odd Rock Coast,Odd Rock Coast,Kiergaard Weissman Skill 1,1,-1,SKILL_LAXIA_SP_B1,1,0,1,0,0,0,--------,1,0,0,0
0565,mp1118,Odd Rock Coast,Odd Rock Coast,Kiergaard Weissman Skill 2,1,-1,SKILL_LAXIA_SP_B2,1,0,1,0,0,0,--------,1,0,0,0
0566,mp2308,Schlamm Jungle,Boss Arena,Laspisus Skill 1,1,-1,SKILL_DANA_SP_B1,1,0,1,0,0,0,--------,1,0,0,0
0567,mp2308,Schlamm Jungle,Boss Arena,Laspisus Skill 2,1,-1,SKILL_DANA_SP_B2,1,0,1,0,0,0,--------,1,0,0,0
0568,mp2304,Schlamm Jungle,Mid-Boss Arena,Magamandra Skill 1,1,-1,SKILL_HUMMEL_SP_B2,1,0,1,0,0,0,--------,1,0,0,0
0569,mp2304,Schlamm Jungle,Mid-Boss Arena,Magamandra Skill 2,1,-1,SKILL_HUMMEL_SP_B1,1,0,1,0,0,0,--------,1,0,0,0
0570,mp4309,Eroded Valley,Boss Arena,Gargantula Skill 1,1,-1,SKILL_HUMMEL_SP_C3,1,0,1,0,0,0,--------,1,0,0,0
0571,mp4309,Eroded Valley,Boss Arena,Gargantula Skill 2,1,-1,SKILL_DANA_SP_C3,1,0,1,0,0,0,--------,1,0,0,0
0572,mp4306,Eroded Valley,Mid-Boss Arena,Lonbrigius Skill 1,1,-1,SKILL_ADOL_SP_B2,1,0,1,0,0,0,--------,1,0,0,0
0573,mp4306,Eroded Valley,Mid-Boss Arena,Lonbrigius Skill 2,1,-1,SKILL_ADOL_SP_B3,1,0,1,0,0,0,--------,1,0,0,0
0574,mp1308,Towering Coral Forest,Boss Arena,Clareon Skill 1,1,-1,SKILL_SAHAD_SP_B1,1,0,1,0,0,0,--------,1,0,0,0
0575,mp1308,Towering Coral Forest,Boss Arena,Clareon Skill 2,1,-1,SKILL_SAHAD_SP_B2,1,0,1,0,0,0,--------,1,0,0,0
0576,mp1306,Towering Coral Forest,Mid-Boss Arena,Serpentus Skill 1,1,-1,SKILL_LAXIA_SP_C3,1,0,1,0,0,0,--------,1,0,0,0
0577,mp1306,Towering Coral Forest,Mid-Boss Arena,Serpentus Skill 2,1,-1,SKILL_LAXIA_SP_C4,1,0,1,0,0,0,--------,1,0,0,0
0578,mp1103,Nameless Coast,First Avalodragil Arena,Avalodragil Skill,1,-1,SKILL_ADOL_SP_C3,1,0,1,0,0,0,--------,1,0,0,0
0579,mp7304,Waterdrop Cave,Boss Arena,Byfteriza Skill,1,-1,SKILL_ADOL_SP_C4,1,0,1,0,0,0,--------,1,0,0,0
0580,mp1135,Roaring Seashore,Parasequoia,Master Kong Skill Ricotta,1,-1,SKILL_RICOTTA_SP_A2,1,0,1,0,0,0,--------,1,0,0,0
0581,mp1119,Sunrise Beach,Sunrise Beach,Master Kong Skill Sahad,1,-1,SKILL_SAHAD_SP_C4,1,0,1,0,0,0,--------,1,0,0,0
0582,mp1118,Odd Rock Coast,Odd Rock Coast,Master Kong Skill Dana,1,-1,SKILL_DANA_SP_B4,1,0,1,0,0,0,--------,1,0,0,0
0583,mp4341,Mont Gendarme,Boss Arena,Master Kong Skill Laxia,1,-1,SKILL_LAXIA_SP_A1,1,0,1,0,0,0,--------,1,0,0,0
0584,mp6112,Pangaia Plains,Ancient Tree,Master Kong Skill Hummel,1,-1,SKILL_HUMMEL_SP_B5,1,0,1,0,0,0,--------,1,0,0,0
0585,mp5104,Vista Ridge,Vista Ridge Lower,Master Kong Skill Adol,1,-1,SKILL_ADOL_SP_A3,1,0,1,0,0,0,--------,1,0,0,0
0586,mp6413,Silent Tower,Second Basement,Mephorash,1,-1,Mephorash Defeated,1,1,0,0,0,0,--------,0,0,0,0
0587,mp6308,Octus Overlook,Path of the Sky Era,Psyche-Ura,1,-1,Psyche-Ura Defeated,1,1,0,0,0,0,--------,0,0,0,0
0588,mp6307,Octus Overlook,Path of the Insectoid Era,Psyche-Nestor,1,-1,Psyche-Nestor Defeated,1,1,0,0,0,0,--------,0,0,0,0
0589,mp6306,Octus Overlook,Path of the Frozen Era,Psyche-Minos,1,-1,Psyche-Minos Defeated,1,1,0,0,0,0,--------,0,0,0,0
0590,mp6305,Octus Overlook,Path of the Ocean Era,Psyche-Hydra,1,-1,Psyche-Hydra Defeated,1,1,0,0,0,0,--------,0,0,0,0
0591,mp1201,Calm Inlet,Calm Inlet (Castaway Village Area),Silvia,1,-1,Silvia Defeated,1,1,0,0,0,0,--------,0,0,0,0
0592,mp6349,Valley of Kings,Boss Arena,Basileus,1,-1,Basileus Defeated,1,1,0,0,0,0,--------,0,0,0,0
0593,mp6345,Valley of Kings,Mid-Boss Arena,Doxa Griel,1,-1,Doxa Griel Defeated,1,1,0,0,0,0,--------,0,0,0,0
0594,mp6370,Archeozoic Chasm,Boss Arena,Oceanus,1,-1,Oceanus Defeated,1,1,0,0,0,0,--------,0,0,0,0
0595,mp6366,Archeozoic Chasm,Mid-Boss Arena,Coelacantos,1,-1,Coelacantos Defeated,1,1,0,0,0,0,--------,0,0,0,0
0596,mp0405,Pirate Ship Eleftheria,Deck,Pirate Revenant,1,-1,Pirate Revenant Defeated,1,1,0,0,0,0,--------,0,0,0,0
0597,mp6329,Baja Tower,Boss Arena,Carveros,1,-1,Carveros Defeated,1,1,0,0,0,0,--------,0,0,0,0
0598,mp6325,Baja Tower,Mid-Boss Arena,Exmetal,1,-1,Exmetal Defeated,1,1,0,0,0,0,--------,0,0,0,0
0599,mp6410,Temple of the Great Tree,Temple Boss Arena,Brachion,1,-1,Brachion Defeated,1,1,0,0,0,0,--------,0,0,0,0
0600,mp4341,Mont Gendarme,Boss Arena,Giasburn,1,-1,Giasburn Defeated,1,1,0,0,0,0,--------,0,0,0,0
0601,mp4337,Mont Gendarme,Mid-Boss Arena,Avalodragil 2,1,-1,Avalodragil 2 Defeated,1,1,0,0,0,0,--------,0,0,0,0
0602,mp1118,Odd Rock Coast,Odd Rock Coast,Kiergaard Weissman,1,-1,Kiergaard Weissman Defeated,1,1,0,0,0,0,--------,0,0,0,0
0603,mp2308,Schlamm Jungle,Boss Arena,Laspisus,1,-1,Laspisus Defeated,1,1,0,0,0,0,--------,0,0,0,0
0604,mp2304,Schlamm Jungle,Mid-Boss Arena,Magamandra,1,-1,Magamandra Defeated,1,1,0,0,0,0,--------,0,0,0,0
0605,mp4309,Eroded Valley,Boss Arena,Gargantula,1,-1,Gargantula Defeated,1,1,0,0,0,0,--------,0,0,0,0
0606,mp4306,Eroded Valley,Mid-Boss Arena,Lonbrigius,1,-1,Lonbrigius Defeated,1,1,0,0,0,0,--------,0,0,0,0
0607,mp1308,Towering Coral Forest,Boss Arena,Clareon,1,-1,Clareon Defeated,1,1,0,0,0,0,--------,0,0,0,0
0608,mp1306,Towering Coral Forest,Mid-Boss Arena,Serpentus,1,-1,Serpentus Defeated,1,1,0,0,0,0,--------,0,0,0,0
0609,mp1103,Nameless Coast,First Avalodragil Arena,Avalodragil,1,-1,Avalodragil Defeated,1,1,0,0,0,0,--------,0,0,0,0
0610,mp7304,Waterdrop Cave,Boss Arena,Byfteriza,1,-1,Byfteriza Defeated,1,1,0,0,0,0,--------,0,0,0,0
0611,mp1135,Roaring Seashore,Parasequoia,Master Kong Ricotta,1,-1,Master Kong Ricotta Defeated,1,1,0,0,0,0,--------,0,0,0,0
0612,mp1119,Sunrise Beach,Sunrise Beach,Master Kong Sahad,1,-1,Master Kong Sahad Defeated,1,1,0,0,0,0,--------,0,0,0,0
0613,mp1118,Odd Rock Coast,Odd Rock Coast,Master Kong Dana,1,-1,Master Kong Dana Defeated,1,1,0,0,0,0,--------,0,0,0,0
0614,mp4341,Mont Gendarme,Boss Arena,Master Kong Laxia,1,-1,Master Kong Laxia Defeated,1,1,0,0,0,0,--------,0,0,0,0
0615,mp6112,Pangaia Plains,Ancient Tree,Master Kong Hummel,1,-1,Master Kong Hummel Defeated,1,1,0,0,0,0,--------,0,0,0,0
0616,mp5104,Vista Ridge,Vista Ridge Lower,Master Kong Adol,1,-1,Master Kong Adol Defeated,1,1,0,0,0,0,--------,0,0,0,0
0617,mp6413,Silent Tower,Second Basement,Psyches,1,-1,Empty Psyches,1,0,0,0,0,0,--------,0,0,0,0
0618,mp6308,Octus Overlook,Path of the Sky Era,Psyches,1,-1,Psyches of the Sky Era\Braziers Fight(DANA),1,1,0,0,0,0,--------,0,0,0,0
0619,mp6307,Octus Overlook,Path of the Insectoid Era,Psyches,1,-1,Psyches of the Insectoid Era\Stone Fight(DANA),1,1,0,0,0,0,--------,0,0,0,0
0620,mp6306,Octus Overlook,Path of the Frozen Era,Psyches,1,-1,Psyches of the Frozen Era\Clairvoyance Fight(DANA),1,1,0,0,0,0,--------,0,0,0,0
0621,mp6305,Octus Overlook,Path of the Ocean Era,Psyches,1,-1,Psyches of the Ocean Era\Frost Fight(DANA),1,1,0,0,0,0,--------,0,0,0,0
0622,mp6349,Valley of Kings,Boss Arena,Psyches,1,-1,Empty Psyches\Magma Fight(DANA),1,0,0,0,0,0,--------,0,0,0,0
0623,mp6370,Archeozoic Chasm,Boss Arena,Psyches,1,-1,Empty Psyches,1,0,0,0,0,0,--------,0,0,0,0
0624,mp0405,Pirate Ship Eleftheria,Deck,Psyches,1,-1,Empty Psyches,1,0,0,0,0,0,--------,0,0,0,0
0625,mp6329,Baja Tower,Boss Arena,Psyches,1,-1,Empty Psyches,1,0,0,0,0,0,--------,0,0,0,0
0626,mp6410,Temple of the Great Tree,Temple Boss Arena,Psyches,1,-1,Empty Psyches,1,0,0,0,0,0,--------,0,0,0,0
0627,mp4341,Mont Gendarme,Boss Arena,Psyches,1,-1,Empty Psyches,1,0,0,0,0,0,--------,0,0,0,0
0628,mp2308,Schlamm Jungle,Boss Arena,Psyches,1,-1,Empty Psyches,1,0,0,0,0,0,--------,0,0,0,0
0629,mp4309,Eroded Valley,Boss Arena,Psyches,1,-1,Empty Psyches,1,0,0,0,0,0,--------,0,0,0,0
0630,mp1308,Towering Coral Forest,Boss Arena,Psyches,1,-1,Empty Psyches,1,0,0,0,0,0,--------,0,0,0,0
0631,none,none,none,none,0,778,Flame Stone,1,1,0,0,1,0,--------,0,0,0,0
0632,none,none,none,none,0,778,Flame Stone,1,1,0,0,1,0,--------,0,0,0,0
0633,none,none,none,none,0,778,Flame Stone,1,1,0,0,1,0,--------,0,0,0,0
0634,mp6569,Former Sanctuary Crypt - Final Floor,Boss Arena,Melaiduma Medals,1,218,Slash Medal,1,0,0,0,0,1,--------,0,0,0,0
0635,mp6211,The Ruins of Eternia,Central Stupa,Jade Pendant,1,206,Jade Pendant,1,0,0,0,0,1,--------,0,0,0,0
0636,none,none,none,none,0,202,Feather Boots,1,0,1,0,0,1,--------,0,0,0,0
0637,mp1112,Nameless Coast,Shoreline North of Boulder,Landmark,1,-1,Birdsong Rock,1,1,0,0,0,0,--------,0,1,0,0
0638,mp1132,White Sand Cape,Cobalt Crag,Landmark,1,-1,Cobalt Crag,1,1,0,0,0,0,--------,0,1,0,0
0639,mp1304,Towering Coral Forest,Rainbow Falls,Landmark,1,-1,Rainbow Falls,1,1,0,0,0,0,--------,0,1,0,0
0640,mp1117,Roaring Seashore,Metavolicalis,Landmark,1,-1,Metavolicalis,1,1,0,0,0,0,--------,0,1,0,0
0641,mp1135,Roaring Seashore,Parasequoia,Landmark,1,-1,Parasequoia,1,1,0,0,0,0,--------,0,1,0,0
0642,mp3104,Great River Valley,Chimney Rock,Landmark,1,-1,Chimney Rock,1,1,0,0,0,0,--------,0,1,0,0
0643,mp4303,Eroded Valley,Dark Passage,Landmark,1,-1,Indigo Mineral Vein,1,1,0,0,0,0,--------,0,1,0,0
0644,mp1119,Sunrise Beach,Sunrise Beach,Landmark,1,-1,Beached Remains,1,1,0,0,0,0,--------,0,1,0,0
0645,mp2306,Schlamm Jungle,Muddy Passage,Landmark,1,-1,Field of Medicinal Herbs,1,1,0,0,0,0,--------,0,1,0,0
0646,mp3107,Western Foot of Gendarme,Near Cavern of the Ancient King,Landmark,1,-1,Airs Cairn,1,1,0,0,0,0,--------,0,1,0,0
0647,mp3102,Weathervane Hills,Zephyr Hill,Landmark,1,-1,Zephyr Hill,1,1,0,0,0,0,--------,0,1,0,0
0648,mp7462,Underground Water Vein,Lapis Mineral Vein,Landmark,1,-1,Lapis Mineral Vein,1,1,0,0,0,0,--------,0,1,0,0
0649,mp1114,Longhorn Coast,Reja Shore,Landmark,1,-1,Beehive,1,1,0,0,0,0,--------,0,1,0,0
0650,mp1116,Nostalgia Cape,Nostalgia Cape,Landmark,1,-1,Ship Graveyard,1,1,0,0,0,0,--------,0,1,0,0
0651,mp7411,East Coast Cave,East Coast Cave,Landmark,1,-1,Hidden Pirate Storehouse,1,1,0,0,0,0,--------,0,1,0,0
0652,mp1122,Solitude Island,Magna Carpa,Landmark,1,-1,Magna Carpa,1,1,0,0,0,0,--------,0,1,0,0
0653,mp7102,Mountain Pinnacle Trail,Second Cave,Landmark,1,-1,Prismatic Mineral Vein,1,1,0,0,0,0,--------,0,1,0,0
0654,mp5102,Titis Primeval Forest,Near Primordial Den,Landmark,1,-1,Unicalamites,1,1,0,0,0,0,--------,0,1,0,0
0655,mp6116,Pangaia Plains,Northern Plains,Landmark,1,-1,Breath Fountain,1,1,0,0,0,0,--------,0,1,0,0
0656,mp6112,Pangaia Plains,Ancient Tree,Landmark,1,-1,Ancient Tree,1,1,0,0,0,0,--------,0,1,0,0
0657,mp6114,Lodinia Marshland,Exit to Valley of Kings,Landmark,1,-1,Sky Garden,1,1,0,0,0,0,--------,0,1,0,0
0658,mp7481,The Submerged Cemetery,The Submerged Cemetery,Landmark,1,-1,Soundless Hall,1,1,0,0,0,0,--------,0,1,0,0
0659,mp6109,Eternal Hill,Eternal Hill,Landmark,1,-1,Graves of Ancient Heroes,1,1,0,0,0,0,--------,0,1,0,0
0660,mp7471,Waterfall Grotto,Waterfall Grotto,Landmark,1,-1,Milky White Vein,1,1,0,0,0,0,--------,0,1,0,0
0661,mp7411,East Coast Cave,East Coast Cave,Gilkyra Encounter,1,-1,Gilkyra Encounter Defeated,1,1,0,0,0,0,--------,0,0,0,0
0662,mp6409,Temple of the Great Tree,Great Tree Garden,Octus Entrance,1,-1,Octus Dungeon,1,1,0,0,0,0,--------,0,0,1,0
0663,mp6569,Former Sanctuary Crypt - Final Floor,Boss Arena,Melaiduma,1,-1,Melaiduma Defeated,1,1,0,0,0,0,--------,0,0,0,0
0664,mp6569,Former Sanctuary Crypt - Final Floor,Boss Arena,Psyches,1,-1,Empty Psyches,1,0,0,0,0,0,--------,0,0,0,0
0665,mp1105,Nameless Coast,Nameless Coast - Camp,Towering Coral Forest Front Entrance,1,-1,Towering Coral Forest Dungeon Front,1,1,0,0,0,0,--------,0,0,1,0
0666,mp1117,Roaring Seashore,Metavolicalis,Towering Coral Forest Back Entrance,1,-1,Towering Coral Forest Dungeon Back,1,1,0,0,0,0,--------,0,0,1,0
0667,mp1301,Towering Coral Forest,Entrance,Exit to Nameless Coast,1,-1,Nameless Coast - Camp,1,1,0,0,0,0,--------,0,0,0,1
0668,mp1308,Towering Coral Forest,Boss Arena,Exit to Roaring Seashore,1,-1,Roaring Seashore - Metavolicalis,1,1,0,0,0,0,--------,0,0,0,1
0669,mp2103,Beast Hills,Beast Hills - Camp South,Schlamm Jungle Front Entrance,1,-1,Schlamm Jungle Dungeon Front,1,1,0,0,0,0,--------,0,0,1,0
0670,mp2301,Schlamm Jungle,Entrance,Exit to Beast Hills South,1,-1,Beast Hills - Camp South,1,1,0,0,0,0,--------,0,0,0,1
0671,mp2308,Schlamm Jungle,Boss Arena,Exit to Odd Rock Coast,1,-1,Odd Rock Coast - Odd Rock Coast,1,1,0,0,0,0,--------,0,0,0,1
0672,mp1118,Odd Rock Coast,Odd Rock Coast,Schlamm Jungle Back Entrance,1,-1,Schlamm Jungle Dungeon Back,1,1,0,0,0,0,--------,0,0,1,0
0673,mp6301,Octus Overlook,Entrance,Exit to Temple of the Great Tree,1,-1,Temple of the Great Tree - Great Tree Garden,1,1,0,0,0,0,--------,0,0,0,1
0674,mp1201,Calm Inlet,Calm Inlet (Castaway Village Area),Waterdrop Cave Entrance,1,-1,Waterdrop Cave Dungeon,1,1,0,0,0,0,--------,0,0,1,0
0675,mp7301,Waterdrop Cave,Entrance,Exit to Calm Inlet,1,-1,Calm Inlet - Castaway Village Area,1,1,0,0,0,0,--------,0,0,0,1
0676,mp4102,Beast Hills,Beast Hills - Camp North,Eroded Valley Front Entrance,1,-1,Eroded Valley Dungeon Front,1,1,0,0,0,0,--------,0,0,1,0
0677,mp4301,Eroded Valley,Entrance,Exit to Beast Hills North,1,-1,Beast Hills - Camp North,1,1,0,0,0,0,--------,0,0,0,1
0678,mp4309,Eroded Valley,Boss Arena,Exit to Sunrise Beach,1,-1,Sunrise Beach - Sunrise Beach,1,1,0,0,0,0,--------,0,0,0,1
0679,mp1119,Sunrise Beach,Sunrise Beach,Eroded Valley Back Entrance,1,-1,Eroded Valley Dungeon Back,1,1,0,0,0,0,--------,0,0,1,0
0680,mp1116,Nostalgia Cape,Nostalgia Cape,East Coast Cave Entrance,1,-1,East Coast Cave Dungeon,1,1,0,0,0,0,--------,0,0,1,0
0681,mp7411,East Coast Cave,East Coast Cave,Exit to Nostalgia Cape,1,-1,Nostalgia Cape - Nostalgia Cape,1,1,0,0,0,0,--------,0,0,0,1
0682,mp3105,The Primordial Passage,Primordial Passage - Camp,Mont Gendarme Front Entrance,1,-1,Mont Gendarme Dungeon Front,1,1,0,0,0,0,--------,0,0,1,0
0683,mp4331,Mont Gendarme,Entrance,Exit to Primordial Passage,1,-1,Primordial Passage - Camp,1,1,0,0,0,0,--------,0,0,0,1
0684,mp4341,Mont Gendarme,Boss Arena,Exit to Mountain Pinnacle Trail,1,-1,Mountain Pinnacle Trail - Top,1,1,0,0,0,0,--------,0,0,0,1
0685,mp4103,Mountain Pinnacle Trail,Top,Mont Gendarme Back Entrance,1,-1,Mont Gendarme Dungeon Back,1,1,0,0,0,0,--------,0,0,1,0
0686,mp6110,Towal Highway,Towal Highway - Camp,Baja Tower Entrance,1,-1,Baja Tower Dungeon,1,1,0,0,0,0,--------,0,0,1,0
0687,mp6321,Baja Tower,Entrance,Exit to Towal Highway,1,-1,Towal Highway - Camp,1,1,0,0,0,0,--------,0,0,0,1
0688,mp6204,The Ruins of Eternia,Palace Ruins,Archeozoic Chasm Entrance,1,-1,Archeozoic Chasm Dungeon,1,1,0,0,0,0,--------,0,0,1,0
0689,mp6361,Archeozoic Chasm,Entrance,Exit to The Ruins of Eternia,1,-1,The Ruins of Eternia - Palace Ruins,1,1,0,0,0,0,--------,0,0,0,1
0690,mp6108,Lodinia Marshland,Valley of Kings - Camp,Valley of Kings Entrance,1,-1,Valley of Kings Dungeon,1,1,0,0,0,0,--------,0,0,1,0
0691,mp6341,Valley of Kings,Entrance,Exit to Valley of Kings - Camp,1,-1,Valley of Kings - Camp,1,1,0,0,0,0,--------,0,0,0,1